2026-04-22T01:05:35.660+03:00  WARN 52583 --- [hospitalalert] [HikariPool-1:housekeeper] com.zaxxer.hikari.pool.HikariPool        : HikariPool-1 - Thread starvation or clock leap detected (housekeeper delta=2h11s541ms).
2026-04-22T01:12:43.749+03:00  WARN 52583 --- [hospitalalert] [HikariPool-1:housekeeper] com.zaxxer.hikari.pool.HikariPool        : HikariPool-1 - Thread starvation or clock leap detected (housekeeper delta=7m7s577ms).
2026-04-22T01:33:38.537+03:00  WARN 52583 --- [hospitalalert] [HikariPool-1:housekeeper] com.zaxxer.hikari.pool.HikariPool        : HikariPool-1 - Thread starvation or clock leap detected (housekeeper delta=20m23s839ms).
2026-04-22T03:34:12.856+03:00  WARN 52583 --- [hospitalalert] [HikariPool-1:housekeeper] com.zaxxer.hikari.pool.HikariPool        : HikariPool-1 - Thread starvation or clock leap detected (housekeeper delta=2h4s234ms).
2026-04-22T05:34:17.095+03:00  WARN 52583 --- [hospitalalert] [HikariPool-1:housekeeper] com.zaxxer.hikari.pool.HikariPool        : HikariPool-1 - Thread starvation or clock leap detected (housekeeper delta=2h4s205ms).
2026-04-22T07:08:40.200+03:00  WARN 52583 --- [hospitalalert] [HikariPool-1:housekeeper] com.zaxxer.hikari.pool.HikariPool        : HikariPool-1 - Thread starvation or clock leap detected (housekeeper delta=1h33m52s176ms).
2026-04-22T11:40:22.882+03:00  WARN 52583 --- [hospitalalert] [HikariPool-1:housekeeper] com.zaxxer.hikari.pool.HikariPool        : HikariPool-1 - Thread starvation or clock leap detected (housekeeper delta=4h31m42s342ms).
2026-04-22T11:44:21.051+03:00  WARN 52583 --- [hospitalalert] [HikariPool-1:housekeeper] com.zaxxer.hikari.pool.HikariPool        : HikariPool-1 - Retrograde clock change detected (housekeeper delta=26s824ms), soft-evicting connections from pool.
2026-04-22T11:54:13.431+03:00  INFO 52583 --- [hospitalalert] [SpringApplicationShutdownHook] o.s.boot.tomcat.GracefulShutdown         : Commencing graceful shutdown. Waiting for active requests to complete
2026-04-22T11:54:13.470+03:00  INFO 52583 --- [hospitalalert] [tomcat-shutdown] o.s.boot.tomcat.GracefulShutdown         : Graceful shutdown complete
2026-04-22T11:54:13.616+03:00  INFO 52583 --- [hospitalalert] [SpringApplicationShutdownHook] j.LocalContainerEntityManagerFactoryBean : Closing JPA EntityManagerFactory for persistence unit 'default'
2026-04-22T11:54:13.644+03:00 DEBUG 52583 --- [hospitalalert] [SpringApplicationShutdownHook] o.s.o.jpa.hibernate.SpringBeanContainer  : Falling back to Hibernate's default producer after bean creation failure for interface org.hibernate.engine.jdbc.connections.spi.MultiTenantConnectionProvider: org.springframework.beans.factory.BeanCreationException: Error creating bean with name 'org.hibernate.engine.jdbc.connections.spi.MultiTenantConnectionProvider': Failed to instantiate [org.hibernate.engine.jdbc.connections.spi.MultiTenantConnectionProvider]: Specified class is an interface
2026-04-22T11:54:13.705+03:00  INFO 52583 --- [hospitalalert] [SpringApplicationShutdownHook] com.zaxxer.hikari.HikariDataSource       : HikariPool-1 - Shutdown initiated...
2026-04-22T11:54:13.714+03:00  INFO 52583 --- [hospitalalert] [SpringApplicationShutdownHook] com.zaxxer.hikari.HikariDataSource       : HikariPool-1 - Shutdown completed.
2026-04-22T11:58:54.425+03:00  INFO 60993 --- [hospitalalert] [restartedMain] c.s.h.HospitalalertApplication           : Starting HospitalalertApplication using Java 21.0.8 with PID 60993 (/Users/mac/shanHospus/hospitalalert/build/classes/java/main started by mac in /Users/mac/shanHospus/hospitalalert)
2026-04-22T11:58:54.429+03:00  INFO 60993 --- [hospitalalert] [restartedMain] c.s.h.HospitalalertApplication           : No active profile set, falling back to 1 default profile: "default"
2026-04-22T11:58:54.530+03:00  INFO 60993 --- [hospitalalert] [restartedMain] .e.DevToolsPropertyDefaultsPostProcessor : Devtools property defaults active! Set 'spring.devtools.add-properties' to 'false' to disable
2026-04-22T11:58:54.532+03:00  INFO 60993 --- [hospitalalert] [restartedMain] .e.DevToolsPropertyDefaultsPostProcessor : For additional web related logging consider setting the 'logging.level.web' property to 'DEBUG'
2026-04-22T11:58:56.381+03:00  INFO 60993 --- [hospitalalert] [restartedMain] .s.d.r.c.RepositoryConfigurationDelegate : Multiple Spring Data modules found, entering strict repository configuration mode
2026-04-22T11:58:56.388+03:00  INFO 60993 --- [hospitalalert] [restartedMain] .s.d.r.c.RepositoryConfigurationDelegate : Bootstrapping Spring Data JPA repositories in DEFAULT mode.
2026-04-22T11:58:56.823+03:00  INFO 60993 --- [hospitalalert] [restartedMain] .s.d.r.c.RepositoryConfigurationDelegate : Finished Spring Data repository scanning in 417 ms. Found 10 JPA repository interfaces.
2026-04-22T11:58:56.916+03:00  INFO 60993 --- [hospitalalert] [restartedMain] .s.d.r.c.RepositoryConfigurationDelegate : Multiple Spring Data modules found, entering strict repository configuration mode
2026-04-22T11:58:56.918+03:00  INFO 60993 --- [hospitalalert] [restartedMain] .s.d.r.c.RepositoryConfigurationDelegate : Bootstrapping Spring Data Redis repositories in DEFAULT mode.
2026-04-22T11:58:56.949+03:00  INFO 60993 --- [hospitalalert] [restartedMain] .RepositoryConfigurationExtensionSupport : Spring Data Redis - Could not safely identify store assignment for repository candidate interface com.shanalert.hospitalalert.repository.AddressRepository; If you want this repository to be a Redis repository, consider annotating your entities with one of these annotations: org.springframework.data.redis.core.RedisHash (preferred), or consider extending one of the following types with your repository: org.springframework.data.keyvalue.repository.KeyValueRepository
2026-04-22T11:58:56.953+03:00  INFO 60993 --- [hospitalalert] [restartedMain] .RepositoryConfigurationExtensionSupport : Spring Data Redis - Could not safely identify store assignment for repository candidate interface com.shanalert.hospitalalert.repository.AdminRepository; If you want this repository to be a Redis repository, consider annotating your entities with one of these annotations: org.springframework.data.redis.core.RedisHash (preferred), or consider extending one of the following types with your repository: org.springframework.data.keyvalue.repository.KeyValueRepository
2026-04-22T11:58:56.955+03:00  INFO 60993 --- [hospitalalert] [restartedMain] .RepositoryConfigurationExtensionSupport : Spring Data Redis - Could not safely identify store assignment for repository candidate interface com.shanalert.hospitalalert.repository.BedAdmissionRepository; If you want this repository to be a Redis repository, consider annotating your entities with one of these annotations: org.springframework.data.redis.core.RedisHash (preferred), or consider extending one of the following types with your repository: org.springframework.data.keyvalue.repository.KeyValueRepository
2026-04-22T11:58:56.956+03:00  INFO 60993 --- [hospitalalert] [restartedMain] .RepositoryConfigurationExtensionSupport : Spring Data Redis - Could not safely identify store assignment for repository candidate interface com.shanalert.hospitalalert.repository.BedRepository; If you want this repository to be a Redis repository, consider annotating your entities with one of these annotations: org.springframework.data.redis.core.RedisHash (preferred), or consider extending one of the following types with your repository: org.springframework.data.keyvalue.repository.KeyValueRepository
2026-04-22T11:58:56.957+03:00  INFO 60993 --- [hospitalalert] [restartedMain] .RepositoryConfigurationExtensionSupport : Spring Data Redis - Could not safely identify store assignment for repository candidate interface com.shanalert.hospitalalert.repository.DoctorRepository; If you want this repository to be a Redis repository, consider annotating your entities with one of these annotations: org.springframework.data.redis.core.RedisHash (preferred), or consider extending one of the following types with your repository: org.springframework.data.keyvalue.repository.KeyValueRepository
2026-04-22T11:58:56.958+03:00  INFO 60993 --- [hospitalalert] [restartedMain] .RepositoryConfigurationExtensionSupport : Spring Data Redis - Could not safely identify store assignment for repository candidate interface com.shanalert.hospitalalert.repository.EmergencyAlertRepository; If you want this repository to be a Redis repository, consider annotating your entities with one of these annotations: org.springframework.data.redis.core.RedisHash (preferred), or consider extending one of the following types with your repository: org.springframework.data.keyvalue.repository.KeyValueRepository
2026-04-22T11:58:56.959+03:00  INFO 60993 --- [hospitalalert] [restartedMain] .RepositoryConfigurationExtensionSupport : Spring Data Redis - Could not safely identify store assignment for repository candidate interface com.shanalert.hospitalalert.repository.HospitalAdminRepository; If you want this repository to be a Redis repository, consider annotating your entities with one of these annotations: org.springframework.data.redis.core.RedisHash (preferred), or consider extending one of the following types with your repository: org.springframework.data.keyvalue.repository.KeyValueRepository
2026-04-22T11:58:56.959+03:00  INFO 60993 --- [hospitalalert] [restartedMain] .RepositoryConfigurationExtensionSupport : Spring Data Redis - Could not safely identify store assignment for repository candidate interface com.shanalert.hospitalalert.repository.HospitalRepository; If you want this repository to be a Redis repository, consider annotating your entities with one of these annotations: org.springframework.data.redis.core.RedisHash (preferred), or consider extending one of the following types with your repository: org.springframework.data.keyvalue.repository.KeyValueRepository
2026-04-22T11:58:56.960+03:00  INFO 60993 --- [hospitalalert] [restartedMain] .RepositoryConfigurationExtensionSupport : Spring Data Redis - Could not safely identify store assignment for repository candidate interface com.shanalert.hospitalalert.repository.PatientRepository; If you want this repository to be a Redis repository, consider annotating your entities with one of these annotations: org.springframework.data.redis.core.RedisHash (preferred), or consider extending one of the following types with your repository: org.springframework.data.keyvalue.repository.KeyValueRepository
2026-04-22T11:58:56.961+03:00  INFO 60993 --- [hospitalalert] [restartedMain] .RepositoryConfigurationExtensionSupport : Spring Data Redis - Could not safely identify store assignment for repository candidate interface com.shanalert.hospitalalert.repository.UserRepository; If you want this repository to be a Redis repository, consider annotating your entities with one of these annotations: org.springframework.data.redis.core.RedisHash (preferred), or consider extending one of the following types with your repository: org.springframework.data.keyvalue.repository.KeyValueRepository
2026-04-22T11:58:56.961+03:00  INFO 60993 --- [hospitalalert] [restartedMain] .s.d.r.c.RepositoryConfigurationDelegate : Finished Spring Data repository scanning in 24 ms. Found 0 Redis repository interfaces.
2026-04-22T11:58:58.436+03:00  INFO 60993 --- [hospitalalert] [restartedMain] o.s.boot.tomcat.TomcatWebServer          : Tomcat initialized with port 8080 (http)
2026-04-22T11:58:58.475+03:00  INFO 60993 --- [hospitalalert] [restartedMain] o.apache.catalina.core.StandardService   : Starting service [Tomcat]
2026-04-22T11:58:58.476+03:00  INFO 60993 --- [hospitalalert] [restartedMain] o.apache.catalina.core.StandardEngine    : Starting Servlet engine: [Apache Tomcat/11.0.20]
2026-04-22T11:58:58.555+03:00  INFO 60993 --- [hospitalalert] [restartedMain] b.w.c.s.WebApplicationContextInitializer : Root WebApplicationContext: initialization completed in 3999 ms
2026-04-22T11:58:58.896+03:00 DEBUG 60993 --- [hospitalalert] [restartedMain] j.LocalContainerEntityManagerFactoryBean : Building JPA container EntityManagerFactory for persistence unit 'default'
2026-04-22T11:58:58.920+03:00  INFO 60993 --- [hospitalalert] [restartedMain] org.hibernate.orm.jpa                    : HHH008540: Processing PersistenceUnitInfo [name: default]
2026-04-22T11:58:59.056+03:00  INFO 60993 --- [hospitalalert] [restartedMain] org.hibernate.orm.core                   : HHH000001: Hibernate ORM core version 7.2.7.Final
2026-04-22T11:58:59.102+03:00 DEBUG 60993 --- [hospitalalert] [restartedMain] o.s.o.jpa.hibernate.SpringBeanContainer  : Falling back to Hibernate's default producer after bean creation failure for interface org.hibernate.engine.jdbc.connections.spi.MultiTenantConnectionProvider: org.springframework.beans.factory.BeanCreationException: Error creating bean with name 'org.hibernate.engine.jdbc.connections.spi.MultiTenantConnectionProvider': Failed to instantiate [org.hibernate.engine.jdbc.connections.spi.MultiTenantConnectionProvider]: Specified class is an interface
2026-04-22T11:59:00.279+03:00  INFO 60993 --- [hospitalalert] [restartedMain] o.s.o.j.p.SpringPersistenceUnitInfo      : No LoadTimeWeaver setup: ignoring JPA class transformer
2026-04-22T11:59:00.367+03:00  INFO 60993 --- [hospitalalert] [restartedMain] com.zaxxer.hikari.HikariDataSource       : HikariPool-1 - Starting...
2026-04-22T11:59:00.781+03:00  INFO 60993 --- [hospitalalert] [restartedMain] com.zaxxer.hikari.pool.HikariPool        : HikariPool-1 - Added connection com.mysql.cj.jdbc.ConnectionImpl@cf6b9fc
2026-04-22T11:59:00.785+03:00  INFO 60993 --- [hospitalalert] [restartedMain] com.zaxxer.hikari.HikariDataSource       : HikariPool-1 - Start completed.
2026-04-22T11:59:00.912+03:00  WARN 60993 --- [hospitalalert] [restartedMain] org.hibernate.orm.deprecation            : HHH90000025: MySQLDialect does not need to be specified explicitly using 'hibernate.dialect' (remove the property setting and it will be selected by default)
2026-04-22T11:59:00.946+03:00  INFO 60993 --- [hospitalalert] [restartedMain] org.hibernate.orm.connections.pooling    : HHH10001005: Database info:
	Database JDBC URL [jdbc:mysql://localhost:3306/hospitalAlert?allowPublicKeyRetrieval=true&useSSL=false&serverTimezone=UTC]
	Database driver: MySQL Connector/J
	Database dialect: MySQLDialect
	Database version: 8.0.34
	Default catalog/schema: hospitalAlert/undefined
	Autocommit mode: undefined/unknown
	Isolation level: REPEATABLE_READ [default REPEATABLE_READ]
	JDBC fetch size: none
	Pool: DataSourceConnectionProvider
	Minimum pool size: undefined/unknown
	Maximum pool size: undefined/unknown
2026-04-22T11:59:01.812+03:00 DEBUG 60993 --- [hospitalalert] [restartedMain] o.s.o.jpa.hibernate.SpringBeanContainer  : Falling back to Hibernate's default producer after bean creation failure for interface org.hibernate.context.spi.CurrentTenantIdentifierResolver: org.springframework.beans.factory.NoSuchBeanDefinitionException: No qualifying bean of type 'org.hibernate.context.spi.CurrentTenantIdentifierResolver<?>' available
2026-04-22T11:59:01.813+03:00 DEBUG 60993 --- [hospitalalert] [restartedMain] o.s.o.jpa.hibernate.SpringBeanContainer  : Falling back to Hibernate's default producer after bean creation failure for interface org.hibernate.context.spi.TenantSchemaMapper: org.springframework.beans.factory.NoSuchBeanDefinitionException: No qualifying bean of type 'org.hibernate.context.spi.TenantSchemaMapper<?>' available
2026-04-22T11:59:04.543+03:00  INFO 60993 --- [hospitalalert] [restartedMain] org.hibernate.orm.core                   : HHH000489: No JTA platform available (set 'hibernate.transaction.jta.platform' to enable JTA platform integration)
2026-04-22T11:59:04.877+03:00  INFO 60993 --- [hospitalalert] [restartedMain] j.LocalContainerEntityManagerFactoryBean : Initialized JPA EntityManagerFactory for persistence unit 'default'
2026-04-22T11:59:05.078+03:00  INFO 60993 --- [hospitalalert] [restartedMain] o.s.d.j.r.query.QueryEnhancerFactories   : Hibernate is in classpath; If applicable, HQL parser will be used.
2026-04-22T11:59:08.898+03:00  WARN 60993 --- [hospitalalert] [restartedMain] JpaBaseConfiguration$JpaWebConfiguration : spring.jpa.open-in-view is enabled by default. Therefore, database queries may be performed during view rendering. Explicitly configure spring.jpa.open-in-view to disable this warning
2026-04-22T11:59:09.035+03:00  INFO 60993 --- [hospitalalert] [restartedMain] r$InitializeUserDetailsManagerConfigurer : Global AuthenticationManager configured with UserDetailsService bean with name customUserDetailsService
2026-04-22T11:59:09.348+03:00 DEBUG 60993 --- [hospitalalert] [restartedMain] o.s.s.web.DefaultSecurityFilterChain     : Will secure any request with filters: DisableEncodeUrlFilter, WebAsyncManagerIntegrationFilter, SecurityContextHolderFilter, HeaderWriterFilter, TokenAuthenticationFilter, RequestCacheAwareFilter, SecurityContextHolderAwareRequestFilter, AnonymousAuthenticationFilter, SessionManagementFilter, ExceptionTranslationFilter, AuthorizationFilter
2026-04-22T11:59:09.675+03:00 DEBUG 60993 --- [hospitalalert] [restartedMain] s.w.s.m.m.a.RequestMappingHandlerMapping : 57 mappings in 'requestMappingHandlerMapping'
2026-04-22T11:59:09.735+03:00 DEBUG 60993 --- [hospitalalert] [restartedMain] o.s.w.s.handler.SimpleUrlHandlerMapping  : Patterns [/webjars/**, /**] in 'resourceHandlerMapping'
2026-04-22T11:59:09.811+03:00 DEBUG 60993 --- [hospitalalert] [restartedMain] s.w.s.m.m.a.RequestMappingHandlerAdapter : ControllerAdvice beans: 0 @ModelAttribute, 0 @InitBinder, 2 RequestBodyAdvice, 1 ResponseBodyAdvice
2026-04-22T11:59:09.935+03:00 DEBUG 60993 --- [hospitalalert] [restartedMain] .m.m.a.ExceptionHandlerExceptionResolver : ControllerAdvice beans: 1 @ExceptionHandler, 1 ResponseBodyAdvice
2026-04-22T11:59:10.343+03:00  WARN 60993 --- [hospitalalert] [restartedMain] i.n.r.d.DnsServerAddressStreamProviders  : Can not find io.netty.resolver.dns.macos.MacOSDnsServerAddressStreamProvider in the classpath, fallback to system defaults. This may result in incorrect DNS resolutions on MacOS. Check whether you have a dependency on 'io.netty:netty-resolver-dns-native-macos'
2026-04-22T11:59:11.178+03:00  INFO 60993 --- [hospitalalert] [restartedMain] o.s.boot.tomcat.TomcatWebServer          : Tomcat started on port 8080 (http) with context path '/'
2026-04-22T11:59:11.190+03:00  INFO 60993 --- [hospitalalert] [restartedMain] o.s.s.config.TaskSchedulerRouter         : No TaskScheduler/ScheduledExecutorService bean found for scheduled processing
2026-04-22T11:59:11.197+03:00  INFO 60993 --- [hospitalalert] [restartedMain] c.s.h.HospitalalertApplication           : Started HospitalalertApplication in 17.601 seconds (process running for 18.75)
2026-04-22T11:59:11.223+03:00 DEBUG 60993 --- [hospitalalert] [restartedMain] o.s.orm.jpa.JpaTransactionManager        : Creating new transaction with name [com.shanalert.hospitalalert.component.DataInitializer.run]: PROPAGATION_REQUIRED,ISOLATION_DEFAULT
2026-04-22T11:59:11.227+03:00 DEBUG 60993 --- [hospitalalert] [restartedMain] o.s.orm.jpa.JpaTransactionManager        : Opened new EntityManager [SessionImpl(2102148584<open>)] for JPA transaction
2026-04-22T11:59:11.236+03:00 DEBUG 60993 --- [hospitalalert] [restartedMain] o.s.orm.jpa.JpaTransactionManager        : Exposing JPA transaction as JDBC [org.springframework.orm.jpa.vendor.HibernateJpaDialect$HibernateConnectionHandle@13810dd0]
2026-04-22T11:59:11.245+03:00 DEBUG 60993 --- [hospitalalert] [restartedMain] o.s.orm.jpa.JpaTransactionManager        : Found thread-bound EntityManager [SessionImpl(2102148584<open>)] for JPA transaction
2026-04-22T11:59:11.245+03:00 DEBUG 60993 --- [hospitalalert] [restartedMain] o.s.orm.jpa.JpaTransactionManager        : Participating in existing transaction
2026-04-22T11:59:11.383+03:00 DEBUG 60993 --- [hospitalalert] [restartedMain] o.s.orm.jpa.JpaTransactionManager        : Initiating transaction commit
2026-04-22T11:59:11.384+03:00 DEBUG 60993 --- [hospitalalert] [restartedMain] o.s.orm.jpa.JpaTransactionManager        : Committing JPA transaction on EntityManager [SessionImpl(2102148584<open>)]
2026-04-22T11:59:11.389+03:00 DEBUG 60993 --- [hospitalalert] [restartedMain] o.s.orm.jpa.JpaTransactionManager        : Closing JPA EntityManager after transaction
2026-04-22T12:08:32.790+03:00  INFO 60993 --- [hospitalalert] [http-nio-8080-exec-1] o.a.c.c.C.[Tomcat].[localhost].[/]       : Initializing Spring DispatcherServlet 'dispatcherServlet'
2026-04-22T12:08:32.791+03:00  INFO 60993 --- [hospitalalert] [http-nio-8080-exec-1] o.s.web.servlet.DispatcherServlet        : Initializing Servlet 'dispatcherServlet'
2026-04-22T12:08:32.791+03:00 DEBUG 60993 --- [hospitalalert] [http-nio-8080-exec-1] o.s.web.servlet.DispatcherServlet        : Detected StandardServletMultipartResolver
2026-04-22T12:08:32.791+03:00 DEBUG 60993 --- [hospitalalert] [http-nio-8080-exec-1] o.s.web.servlet.DispatcherServlet        : Detected AcceptHeaderLocaleResolver
2026-04-22T12:08:32.793+03:00 DEBUG 60993 --- [hospitalalert] [http-nio-8080-exec-1] o.s.web.servlet.DispatcherServlet        : Detected org.springframework.web.servlet.view.DefaultRequestToViewNameTranslator@556cd76d
2026-04-22T12:08:32.794+03:00 DEBUG 60993 --- [hospitalalert] [http-nio-8080-exec-1] o.s.web.servlet.DispatcherServlet        : Detected org.springframework.web.servlet.support.SessionFlashMapManager@1251265b
2026-04-22T12:08:32.795+03:00 DEBUG 60993 --- [hospitalalert] [http-nio-8080-exec-1] o.s.web.servlet.DispatcherServlet        : enableLoggingRequestDetails='false': request parameters and headers will be masked to prevent unsafe logging of potentially sensitive data
2026-04-22T12:08:32.796+03:00  INFO 60993 --- [hospitalalert] [http-nio-8080-exec-1] o.s.web.servlet.DispatcherServlet        : Completed initialization in 5 ms
2026-04-22T12:08:32.825+03:00 DEBUG 60993 --- [hospitalalert] [http-nio-8080-exec-1] o.s.security.web.FilterChainProxy        : Securing POST /api/v1/auth/login?app=%20ADMIN_APP
2026-04-22T12:08:32.899+03:00 DEBUG 60993 --- [hospitalalert] [http-nio-8080-exec-1] o.s.s.w.a.AnonymousAuthenticationFilter  : Set SecurityContextHolder to anonymous SecurityContext
2026-04-22T12:08:32.901+03:00 DEBUG 60993 --- [hospitalalert] [http-nio-8080-exec-1] o.s.security.web.FilterChainProxy        : Secured POST /api/v1/auth/login?app=%20ADMIN_APP
2026-04-22T12:08:32.908+03:00 DEBUG 60993 --- [hospitalalert] [http-nio-8080-exec-1] o.s.web.servlet.DispatcherServlet        : POST "/api/v1/auth/login?app=%20ADMIN_APP", parameters={masked}
2026-04-22T12:08:32.919+03:00 DEBUG 60993 --- [hospitalalert] [http-nio-8080-exec-1] s.w.s.m.m.a.RequestMappingHandlerMapping : Mapped to com.shanalert.hospitalalert.controller.AuthController#login(LoginRequest, HospusAPP)
2026-04-22T12:08:32.923+03:00 DEBUG 60993 --- [hospitalalert] [http-nio-8080-exec-1] o.j.s.OpenEntityManagerInViewInterceptor : Opening JPA EntityManager in OpenEntityManagerInViewInterceptor
2026-04-22T12:08:33.098+03:00 DEBUG 60993 --- [hospitalalert] [http-nio-8080-exec-1] m.m.a.RequestResponseBodyMethodProcessor : Read "application/json;charset=UTF-8" to [LoginRequest(email=mwijukaharoid@gmail.com, password=YourSecurePassword123!)]
2026-04-22T12:08:33.262+03:00 TRACE 60993 --- [hospitalalert] [http-nio-8080-exec-1] org.hibernate.orm.jdbc.bind              : binding parameter (1:VARCHAR) <- [mwijukaharoid@gmail.com]
2026-04-22T12:08:33.303+03:00  INFO 60993 --- [hospitalalert] [http-nio-8080-exec-1] c.s.h.security.CustomUserDetailsService  : Found user with emailmwijukaharoid@gmail.com 
2026-04-22T12:08:33.654+03:00 DEBUG 60993 --- [hospitalalert] [http-nio-8080-exec-1] m.m.a.RequestResponseBodyMethodProcessor : Using 'application/json', given [*/*] and supported [application/json, application/*+json]
2026-04-22T12:08:33.655+03:00 DEBUG 60993 --- [hospitalalert] [http-nio-8080-exec-1] m.m.a.RequestResponseBodyMethodProcessor : Writing [com.shanalert.hospitalalert.dto.AuthResponse@5ed8f636]
2026-04-22T12:08:33.715+03:00 DEBUG 60993 --- [hospitalalert] [http-nio-8080-exec-1] o.j.s.OpenEntityManagerInViewInterceptor : Closing JPA EntityManager in OpenEntityManagerInViewInterceptor
2026-04-22T12:08:33.716+03:00 DEBUG 60993 --- [hospitalalert] [http-nio-8080-exec-1] o.s.web.servlet.DispatcherServlet        : Completed 200 OK
2026-04-22T12:08:44.953+03:00 DEBUG 60993 --- [hospitalalert] [http-nio-8080-exec-3] o.s.security.web.FilterChainProxy        : Securing GET /api/v1/hospitals
2026-04-22T12:08:44.958+03:00  INFO 60993 --- [hospitalalert] [http-nio-8080-exec-3] c.s.h.security.TokenProvider             : validated token
2026-04-22T12:08:44.963+03:00 DEBUG 60993 --- [hospitalalert] [http-nio-8080-exec-3] o.s.orm.jpa.JpaTransactionManager        : Creating new transaction with name [org.springframework.data.jpa.repository.support.SimpleJpaRepository.findById]: PROPAGATION_REQUIRED,ISOLATION_DEFAULT,readOnly
2026-04-22T12:08:44.965+03:00 DEBUG 60993 --- [hospitalalert] [http-nio-8080-exec-3] o.s.orm.jpa.JpaTransactionManager        : Opened new EntityManager [SessionImpl(356082838<open>)] for JPA transaction
2026-04-22T12:08:44.972+03:00 DEBUG 60993 --- [hospitalalert] [http-nio-8080-exec-3] o.s.orm.jpa.JpaTransactionManager        : Exposing JPA transaction as JDBC [org.springframework.orm.jpa.vendor.HibernateJpaDialect$HibernateConnectionHandle@7dd5be34]
2026-04-22T12:08:44.990+03:00 TRACE 60993 --- [hospitalalert] [http-nio-8080-exec-3] org.hibernate.orm.jdbc.bind              : binding parameter (1:UUID) <- [87284eda-0b7c-4495-928d-a13c41402745]
2026-04-22T12:08:44.999+03:00 DEBUG 60993 --- [hospitalalert] [http-nio-8080-exec-3] o.s.orm.jpa.JpaTransactionManager        : Initiating transaction commit
2026-04-22T12:08:45.000+03:00 DEBUG 60993 --- [hospitalalert] [http-nio-8080-exec-3] o.s.orm.jpa.JpaTransactionManager        : Committing JPA transaction on EntityManager [SessionImpl(356082838<open>)]
2026-04-22T12:08:45.001+03:00 DEBUG 60993 --- [hospitalalert] [http-nio-8080-exec-3] o.s.orm.jpa.JpaTransactionManager        : Closing JPA EntityManager after transaction
2026-04-22T12:08:45.001+03:00  INFO 60993 --- [hospitalalert] [http-nio-8080-exec-3] c.s.h.security.CustomUserDetailsService  : Found User with id 87284eda-0b7c-4495-928d-a13c41402745
2026-04-22T12:08:45.002+03:00 DEBUG 60993 --- [hospitalalert] [http-nio-8080-exec-3] o.s.security.web.FilterChainProxy        : Secured GET /api/v1/hospitals
2026-04-22T12:08:45.002+03:00 DEBUG 60993 --- [hospitalalert] [http-nio-8080-exec-3] o.s.web.servlet.DispatcherServlet        : GET "/api/v1/hospitals", parameters={}
2026-04-22T12:08:45.003+03:00 DEBUG 60993 --- [hospitalalert] [http-nio-8080-exec-3] s.w.s.m.m.a.RequestMappingHandlerMapping : Mapped to com.shanalert.hospitalalert.controller.HospitalController#getAllHospitalsPage(Pageable)
2026-04-22T12:08:45.003+03:00 DEBUG 60993 --- [hospitalalert] [http-nio-8080-exec-3] o.j.s.OpenEntityManagerInViewInterceptor : Opening JPA EntityManager in OpenEntityManagerInViewInterceptor
2026-04-22T12:08:45.013+03:00 DEBUG 60993 --- [hospitalalert] [http-nio-8080-exec-3] o.s.orm.jpa.JpaTransactionManager        : Found thread-bound EntityManager [SessionImpl(1687239799<open>)] for JPA transaction
2026-04-22T12:08:45.013+03:00 DEBUG 60993 --- [hospitalalert] [http-nio-8080-exec-3] o.s.orm.jpa.JpaTransactionManager        : Creating new transaction with name [com.shanalert.hospitalalert.service.HospitalService.getAllHospitals]: PROPAGATION_REQUIRED,ISOLATION_DEFAULT,readOnly
2026-04-22T12:08:45.015+03:00 DEBUG 60993 --- [hospitalalert] [http-nio-8080-exec-3] o.s.orm.jpa.JpaTransactionManager        : Exposing JPA transaction as JDBC [org.springframework.orm.jpa.vendor.HibernateJpaDialect$HibernateConnectionHandle@29b99b0a]
2026-04-22T12:08:45.016+03:00 DEBUG 60993 --- [hospitalalert] [http-nio-8080-exec-3] o.s.orm.jpa.JpaTransactionManager        : Found thread-bound EntityManager [SessionImpl(1687239799<open>)] for JPA transaction
2026-04-22T12:08:45.016+03:00 DEBUG 60993 --- [hospitalalert] [http-nio-8080-exec-3] o.s.orm.jpa.JpaTransactionManager        : Participating in existing transaction
2026-04-22T12:08:45.041+03:00 TRACE 60993 --- [hospitalalert] [http-nio-8080-exec-3] org.hibernate.orm.jdbc.bind              : binding parameter (1:INTEGER) <- [0]
2026-04-22T12:08:45.041+03:00 TRACE 60993 --- [hospitalalert] [http-nio-8080-exec-3] org.hibernate.orm.jdbc.bind              : binding parameter (2:INTEGER) <- [10]
2026-04-22T12:08:45.051+03:00 TRACE 60993 --- [hospitalalert] [http-nio-8080-exec-3] org.hibernate.orm.jdbc.bind              : binding parameter (1:UUID) <- [2541c3ef-f640-49ac-9aee-134be7b2d663]
2026-04-22T12:08:45.081+03:00 DEBUG 60993 --- [hospitalalert] [http-nio-8080-exec-3] o.s.orm.jpa.JpaTransactionManager        : Initiating transaction commit
2026-04-22T12:08:45.082+03:00 DEBUG 60993 --- [hospitalalert] [http-nio-8080-exec-3] o.s.orm.jpa.JpaTransactionManager        : Committing JPA transaction on EntityManager [SessionImpl(1687239799<open>)]
2026-04-22T12:08:45.085+03:00 DEBUG 60993 --- [hospitalalert] [http-nio-8080-exec-3] o.s.orm.jpa.JpaTransactionManager        : Not closing pre-bound JPA EntityManager after transaction
2026-04-22T12:08:45.087+03:00 DEBUG 60993 --- [hospitalalert] [http-nio-8080-exec-3] m.m.a.RequestResponseBodyMethodProcessor : Using 'application/json', given [*/*] and supported [application/json, application/*+json]
2026-04-22T12:08:45.088+03:00 DEBUG 60993 --- [hospitalalert] [http-nio-8080-exec-3] m.m.a.RequestResponseBodyMethodProcessor : Writing [Page 1 of 1 containing com.shanalert.hospitalalert.dto.HospitalResponse instances]
2026-04-22T12:08:45.096+03:00  WARN 60993 --- [hospitalalert] [http-nio-8080-exec-3] ration$PageModule$WarningLoggingModifier : Serializing PageImpl instances as-is is not supported, meaning that there is no guarantee about the stability of the resulting JSON structure!
	For a stable JSON structure, please use Spring Data's PagedModel (globally via @EnableSpringDataWebSupport(pageSerializationMode = VIA_DTO))
	or Spring HATEOAS and Spring Data's PagedResourcesAssembler as documented in https://docs.spring.io/spring-data/commons/reference/repositories/core-extensions.html#core.web.pageables.

2026-04-22T12:08:45.115+03:00 DEBUG 60993 --- [hospitalalert] [http-nio-8080-exec-3] o.j.s.OpenEntityManagerInViewInterceptor : Closing JPA EntityManager in OpenEntityManagerInViewInterceptor
2026-04-22T12:08:45.116+03:00 DEBUG 60993 --- [hospitalalert] [http-nio-8080-exec-3] o.s.web.servlet.DispatcherServlet        : Completed 200 OK
2026-04-22T12:09:03.097+03:00 DEBUG 60993 --- [hospitalalert] [http-nio-8080-exec-5] o.s.security.web.FilterChainProxy        : Securing GET /api/v1/hospitals/3e1dffc0-a003-48ec-ab64-a739d07a463b
2026-04-22T12:09:03.100+03:00  INFO 60993 --- [hospitalalert] [http-nio-8080-exec-5] c.s.h.security.TokenProvider             : validated token
2026-04-22T12:09:03.104+03:00 DEBUG 60993 --- [hospitalalert] [http-nio-8080-exec-5] o.s.orm.jpa.JpaTransactionManager        : Creating new transaction with name [org.springframework.data.jpa.repository.support.SimpleJpaRepository.findById]: PROPAGATION_REQUIRED,ISOLATION_DEFAULT,readOnly
2026-04-22T12:09:03.105+03:00 DEBUG 60993 --- [hospitalalert] [http-nio-8080-exec-5] o.s.orm.jpa.JpaTransactionManager        : Opened new EntityManager [SessionImpl(1206102167<open>)] for JPA transaction
2026-04-22T12:09:03.115+03:00 DEBUG 60993 --- [hospitalalert] [http-nio-8080-exec-5] o.s.orm.jpa.JpaTransactionManager        : Exposing JPA transaction as JDBC [org.springframework.orm.jpa.vendor.HibernateJpaDialect$HibernateConnectionHandle@74379c4c]
2026-04-22T12:09:03.118+03:00 TRACE 60993 --- [hospitalalert] [http-nio-8080-exec-5] org.hibernate.orm.jdbc.bind              : binding parameter (1:UUID) <- [87284eda-0b7c-4495-928d-a13c41402745]
2026-04-22T12:09:03.120+03:00 DEBUG 60993 --- [hospitalalert] [http-nio-8080-exec-5] o.s.orm.jpa.JpaTransactionManager        : Initiating transaction commit
2026-04-22T12:09:03.120+03:00 DEBUG 60993 --- [hospitalalert] [http-nio-8080-exec-5] o.s.orm.jpa.JpaTransactionManager        : Committing JPA transaction on EntityManager [SessionImpl(1206102167<open>)]
2026-04-22T12:09:03.121+03:00 DEBUG 60993 --- [hospitalalert] [http-nio-8080-exec-5] o.s.orm.jpa.JpaTransactionManager        : Closing JPA EntityManager after transaction
2026-04-22T12:09:03.122+03:00  INFO 60993 --- [hospitalalert] [http-nio-8080-exec-5] c.s.h.security.CustomUserDetailsService  : Found User with id 87284eda-0b7c-4495-928d-a13c41402745
2026-04-22T12:09:03.123+03:00 DEBUG 60993 --- [hospitalalert] [http-nio-8080-exec-5] o.s.security.web.FilterChainProxy        : Secured GET /api/v1/hospitals/3e1dffc0-a003-48ec-ab64-a739d07a463b
2026-04-22T12:09:03.123+03:00 DEBUG 60993 --- [hospitalalert] [http-nio-8080-exec-5] o.s.web.servlet.DispatcherServlet        : GET "/api/v1/hospitals/3e1dffc0-a003-48ec-ab64-a739d07a463b", parameters={}
2026-04-22T12:09:03.125+03:00 DEBUG 60993 --- [hospitalalert] [http-nio-8080-exec-5] s.w.s.m.m.a.RequestMappingHandlerMapping : Mapped to com.shanalert.hospitalalert.controller.HospitalController#getById(UUID)
2026-04-22T12:09:03.126+03:00 DEBUG 60993 --- [hospitalalert] [http-nio-8080-exec-5] o.j.s.OpenEntityManagerInViewInterceptor : Opening JPA EntityManager in OpenEntityManagerInViewInterceptor
2026-04-22T12:09:03.127+03:00 DEBUG 60993 --- [hospitalalert] [http-nio-8080-exec-5] o.s.orm.jpa.JpaTransactionManager        : Found thread-bound EntityManager [SessionImpl(973417383<open>)] for JPA transaction
2026-04-22T12:09:03.128+03:00 DEBUG 60993 --- [hospitalalert] [http-nio-8080-exec-5] o.s.orm.jpa.JpaTransactionManager        : Creating new transaction with name [com.shanalert.hospitalalert.service.HospitalService.findById]: PROPAGATION_REQUIRED,ISOLATION_DEFAULT,readOnly
2026-04-22T12:09:03.129+03:00 DEBUG 60993 --- [hospitalalert] [http-nio-8080-exec-5] o.s.orm.jpa.JpaTransactionManager        : Exposing JPA transaction as JDBC [org.springframework.orm.jpa.vendor.HibernateJpaDialect$HibernateConnectionHandle@701f2d4b]
2026-04-22T12:09:03.130+03:00 DEBUG 60993 --- [hospitalalert] [http-nio-8080-exec-5] o.s.orm.jpa.JpaTransactionManager        : Found thread-bound EntityManager [SessionImpl(973417383<open>)] for JPA transaction
2026-04-22T12:09:03.130+03:00 DEBUG 60993 --- [hospitalalert] [http-nio-8080-exec-5] o.s.orm.jpa.JpaTransactionManager        : Participating in existing transaction
2026-04-22T12:09:03.132+03:00 TRACE 60993 --- [hospitalalert] [http-nio-8080-exec-5] org.hibernate.orm.jdbc.bind              : binding parameter (1:UUID) <- [3e1dffc0-a003-48ec-ab64-a739d07a463b]
2026-04-22T12:09:03.139+03:00 DEBUG 60993 --- [hospitalalert] [http-nio-8080-exec-5] o.s.orm.jpa.JpaTransactionManager        : Initiating transaction commit
2026-04-22T12:09:03.139+03:00 DEBUG 60993 --- [hospitalalert] [http-nio-8080-exec-5] o.s.orm.jpa.JpaTransactionManager        : Committing JPA transaction on EntityManager [SessionImpl(973417383<open>)]
2026-04-22T12:09:03.140+03:00 DEBUG 60993 --- [hospitalalert] [http-nio-8080-exec-5] o.s.orm.jpa.JpaTransactionManager        : Not closing pre-bound JPA EntityManager after transaction
2026-04-22T12:09:03.141+03:00 DEBUG 60993 --- [hospitalalert] [http-nio-8080-exec-5] m.m.a.RequestResponseBodyMethodProcessor : Using 'application/json', given [*/*] and supported [application/json, application/*+json]
2026-04-22T12:09:03.142+03:00 DEBUG 60993 --- [hospitalalert] [http-nio-8080-exec-5] m.m.a.RequestResponseBodyMethodProcessor : Writing [HospitalResponse(id=3e1dffc0-a003-48ec-ab64-a739d07a463b, name=General Hope Medical Center, licenseN (truncated)...]
2026-04-22T12:09:03.143+03:00 DEBUG 60993 --- [hospitalalert] [http-nio-8080-exec-5] o.j.s.OpenEntityManagerInViewInterceptor : Closing JPA EntityManager in OpenEntityManagerInViewInterceptor
2026-04-22T12:09:03.143+03:00 DEBUG 60993 --- [hospitalalert] [http-nio-8080-exec-5] o.s.web.servlet.DispatcherServlet        : Completed 200 OK
2026-04-22T12:11:08.720+03:00 DEBUG 60993 --- [hospitalalert] [http-nio-8080-exec-9] o.s.security.web.FilterChainProxy        : Securing GET /api/v1/beds/hospital/3e1dffc0-a003-48ec-ab64-a739d07a463b
2026-04-22T12:11:08.723+03:00  INFO 60993 --- [hospitalalert] [http-nio-8080-exec-9] c.s.h.security.TokenProvider             : validated token
2026-04-22T12:11:08.728+03:00 DEBUG 60993 --- [hospitalalert] [http-nio-8080-exec-9] o.s.orm.jpa.JpaTransactionManager        : Creating new transaction with name [org.springframework.data.jpa.repository.support.SimpleJpaRepository.findById]: PROPAGATION_REQUIRED,ISOLATION_DEFAULT,readOnly
2026-04-22T12:11:08.730+03:00 DEBUG 60993 --- [hospitalalert] [http-nio-8080-exec-9] o.s.orm.jpa.JpaTransactionManager        : Opened new EntityManager [SessionImpl(1460228206<open>)] for JPA transaction
2026-04-22T12:11:08.731+03:00 DEBUG 60993 --- [hospitalalert] [http-nio-8080-exec-9] o.s.orm.jpa.JpaTransactionManager        : Exposing JPA transaction as JDBC [org.springframework.orm.jpa.vendor.HibernateJpaDialect$HibernateConnectionHandle@2ce26f6e]
2026-04-22T12:11:08.732+03:00 TRACE 60993 --- [hospitalalert] [http-nio-8080-exec-9] org.hibernate.orm.jdbc.bind              : binding parameter (1:UUID) <- [87284eda-0b7c-4495-928d-a13c41402745]
2026-04-22T12:11:08.734+03:00 DEBUG 60993 --- [hospitalalert] [http-nio-8080-exec-9] o.s.orm.jpa.JpaTransactionManager        : Initiating transaction commit
2026-04-22T12:11:08.734+03:00 DEBUG 60993 --- [hospitalalert] [http-nio-8080-exec-9] o.s.orm.jpa.JpaTransactionManager        : Committing JPA transaction on EntityManager [SessionImpl(1460228206<open>)]
2026-04-22T12:11:08.735+03:00 DEBUG 60993 --- [hospitalalert] [http-nio-8080-exec-9] o.s.orm.jpa.JpaTransactionManager        : Closing JPA EntityManager after transaction
2026-04-22T12:11:08.736+03:00  INFO 60993 --- [hospitalalert] [http-nio-8080-exec-9] c.s.h.security.CustomUserDetailsService  : Found User with id 87284eda-0b7c-4495-928d-a13c41402745
2026-04-22T12:11:08.736+03:00 DEBUG 60993 --- [hospitalalert] [http-nio-8080-exec-9] o.s.security.web.FilterChainProxy        : Secured GET /api/v1/beds/hospital/3e1dffc0-a003-48ec-ab64-a739d07a463b
2026-04-22T12:11:08.736+03:00 DEBUG 60993 --- [hospitalalert] [http-nio-8080-exec-9] o.s.web.servlet.DispatcherServlet        : GET "/api/v1/beds/hospital/3e1dffc0-a003-48ec-ab64-a739d07a463b", parameters={}
2026-04-22T12:11:08.737+03:00 DEBUG 60993 --- [hospitalalert] [http-nio-8080-exec-9] s.w.s.m.m.a.RequestMappingHandlerMapping : Mapped to com.shanalert.hospitalalert.controller.BedController#getAllBeds(UUID, Pageable)
2026-04-22T12:11:08.737+03:00 DEBUG 60993 --- [hospitalalert] [http-nio-8080-exec-9] o.j.s.OpenEntityManagerInViewInterceptor : Opening JPA EntityManager in OpenEntityManagerInViewInterceptor
2026-04-22T12:11:08.747+03:00 DEBUG 60993 --- [hospitalalert] [http-nio-8080-exec-9] o.s.orm.jpa.JpaTransactionManager        : Found thread-bound EntityManager [SessionImpl(705759896<open>)] for JPA transaction
2026-04-22T12:11:08.747+03:00 DEBUG 60993 --- [hospitalalert] [http-nio-8080-exec-9] o.s.orm.jpa.JpaTransactionManager        : Creating new transaction with name [com.shanalert.hospitalalert.service.BedService.getAllBedsByHospital]: PROPAGATION_REQUIRED,ISOLATION_DEFAULT,readOnly
2026-04-22T12:11:08.753+03:00 DEBUG 60993 --- [hospitalalert] [http-nio-8080-exec-9] o.s.orm.jpa.JpaTransactionManager        : Exposing JPA transaction as JDBC [org.springframework.orm.jpa.vendor.HibernateJpaDialect$HibernateConnectionHandle@42377aee]
2026-04-22T12:11:08.753+03:00  INFO 60993 --- [hospitalalert] [http-nio-8080-exec-9] c.s.hospitalalert.service.BedService     : Fetching all beds for hospital: 3e1dffc0-a003-48ec-ab64-a739d07a463b
2026-04-22T12:11:08.760+03:00 TRACE 60993 --- [hospitalalert] [http-nio-8080-exec-9] org.hibernate.orm.jdbc.bind              : binding parameter (1:VARCHAR) <- [3e1dffc0-a003-48ec-ab64-a739d07a463b]
2026-04-22T12:11:08.760+03:00 TRACE 60993 --- [hospitalalert] [http-nio-8080-exec-9] org.hibernate.orm.jdbc.bind              : binding parameter (2:INTEGER) <- [20]
2026-04-22T12:11:08.771+03:00 DEBUG 60993 --- [hospitalalert] [http-nio-8080-exec-9] o.s.orm.jpa.JpaTransactionManager        : Initiating transaction commit
2026-04-22T12:11:08.771+03:00 DEBUG 60993 --- [hospitalalert] [http-nio-8080-exec-9] o.s.orm.jpa.JpaTransactionManager        : Committing JPA transaction on EntityManager [SessionImpl(705759896<open>)]
2026-04-22T12:11:08.774+03:00 DEBUG 60993 --- [hospitalalert] [http-nio-8080-exec-9] o.s.orm.jpa.JpaTransactionManager        : Not closing pre-bound JPA EntityManager after transaction
2026-04-22T12:11:08.774+03:00 DEBUG 60993 --- [hospitalalert] [http-nio-8080-exec-9] m.m.a.RequestResponseBodyMethodProcessor : Using 'application/json', given [*/*] and supported [application/json, application/*+json]
2026-04-22T12:11:08.774+03:00 DEBUG 60993 --- [hospitalalert] [http-nio-8080-exec-9] m.m.a.RequestResponseBodyMethodProcessor : Writing [Page 1 of 1 containing com.shanalert.hospitalalert.dto.BedResponse instances]
2026-04-22T12:11:08.782+03:00 DEBUG 60993 --- [hospitalalert] [http-nio-8080-exec-9] o.j.s.OpenEntityManagerInViewInterceptor : Closing JPA EntityManager in OpenEntityManagerInViewInterceptor
2026-04-22T12:11:08.782+03:00 DEBUG 60993 --- [hospitalalert] [http-nio-8080-exec-9] o.s.web.servlet.DispatcherServlet        : Completed 200 OK
2026-04-22T12:11:17.282+03:00 DEBUG 60993 --- [hospitalalert] [http-nio-8080-exec-10] o.s.security.web.FilterChainProxy        : Securing GET /api/v1/beds/hospital/3e1dffc0-a003-48ec-ab64-a739d07a463b/filter?type=ICU
2026-04-22T12:11:17.293+03:00  INFO 60993 --- [hospitalalert] [http-nio-8080-exec-10] c.s.h.security.TokenProvider             : validated token
2026-04-22T12:11:17.295+03:00 DEBUG 60993 --- [hospitalalert] [http-nio-8080-exec-10] o.s.orm.jpa.JpaTransactionManager        : Creating new transaction with name [org.springframework.data.jpa.repository.support.SimpleJpaRepository.findById]: PROPAGATION_REQUIRED,ISOLATION_DEFAULT,readOnly
2026-04-22T12:11:17.296+03:00 DEBUG 60993 --- [hospitalalert] [http-nio-8080-exec-10] o.s.orm.jpa.JpaTransactionManager        : Opened new EntityManager [SessionImpl(172179635<open>)] for JPA transaction
2026-04-22T12:11:17.297+03:00 DEBUG 60993 --- [hospitalalert] [http-nio-8080-exec-10] o.s.orm.jpa.JpaTransactionManager        : Exposing JPA transaction as JDBC [org.springframework.orm.jpa.vendor.HibernateJpaDialect$HibernateConnectionHandle@386e3bc0]
2026-04-22T12:11:17.299+03:00 TRACE 60993 --- [hospitalalert] [http-nio-8080-exec-10] org.hibernate.orm.jdbc.bind              : binding parameter (1:UUID) <- [87284eda-0b7c-4495-928d-a13c41402745]
2026-04-22T12:11:17.301+03:00 DEBUG 60993 --- [hospitalalert] [http-nio-8080-exec-10] o.s.orm.jpa.JpaTransactionManager        : Initiating transaction commit
2026-04-22T12:11:17.301+03:00 DEBUG 60993 --- [hospitalalert] [http-nio-8080-exec-10] o.s.orm.jpa.JpaTransactionManager        : Committing JPA transaction on EntityManager [SessionImpl(172179635<open>)]
2026-04-22T12:11:17.303+03:00 DEBUG 60993 --- [hospitalalert] [http-nio-8080-exec-10] o.s.orm.jpa.JpaTransactionManager        : Closing JPA EntityManager after transaction
2026-04-22T12:11:17.303+03:00  INFO 60993 --- [hospitalalert] [http-nio-8080-exec-10] c.s.h.security.CustomUserDetailsService  : Found User with id 87284eda-0b7c-4495-928d-a13c41402745
2026-04-22T12:11:17.303+03:00 DEBUG 60993 --- [hospitalalert] [http-nio-8080-exec-10] o.s.security.web.FilterChainProxy        : Secured GET /api/v1/beds/hospital/3e1dffc0-a003-48ec-ab64-a739d07a463b/filter?type=ICU
2026-04-22T12:11:17.304+03:00 DEBUG 60993 --- [hospitalalert] [http-nio-8080-exec-10] o.s.web.servlet.DispatcherServlet        : GET "/api/v1/beds/hospital/3e1dffc0-a003-48ec-ab64-a739d07a463b/filter?type=ICU", parameters={masked}
2026-04-22T12:11:17.312+03:00 DEBUG 60993 --- [hospitalalert] [http-nio-8080-exec-10] o.s.w.s.handler.SimpleUrlHandlerMapping  : Mapped to ResourceHttpRequestHandler [classpath [META-INF/resources/], classpath [resources/], classpath [static/], classpath [public/], ServletContext [/]]
2026-04-22T12:11:17.313+03:00 DEBUG 60993 --- [hospitalalert] [http-nio-8080-exec-10] o.j.s.OpenEntityManagerInViewInterceptor : Opening JPA EntityManager in OpenEntityManagerInViewInterceptor
2026-04-22T12:11:17.318+03:00 DEBUG 60993 --- [hospitalalert] [http-nio-8080-exec-10] o.s.w.s.r.ResourceHttpRequestHandler     : Resource not found
2026-04-22T12:11:17.326+03:00 DEBUG 60993 --- [hospitalalert] [http-nio-8080-exec-10] .m.m.a.ExceptionHandlerExceptionResolver : Using @ExceptionHandler com.shanalert.hospitalalert.advice.GlobalExceptionHandler#handleAllExceptions(Exception, HttpServletRequest)
2026-04-22T12:11:17.326+03:00 ERROR 60993 --- [hospitalalert] [http-nio-8080-exec-10] c.s.h.advice.GlobalExceptionHandler      : Unexpected error occurred: 

org.springframework.web.servlet.resource.NoResourceFoundException: No static resource api/v1/beds/hospital/3e1dffc0-a003-48ec-ab64-a739d07a463b/filter for request '/api/v1/beds/hospital/3e1dffc0-a003-48ec-ab64-a739d07a463b/filter'.
	at org.springframework.web.servlet.resource.ResourceHttpRequestHandler.handleRequest(ResourceHttpRequestHandler.java:527) ~[spring-webmvc-7.0.6.jar:7.0.6]
	at org.springframework.web.servlet.mvc.HttpRequestHandlerAdapter.handle(HttpRequestHandlerAdapter.java:50) ~[spring-webmvc-7.0.6.jar:7.0.6]
	at org.springframework.web.servlet.DispatcherServlet.doDispatch(DispatcherServlet.java:963) ~[spring-webmvc-7.0.6.jar:7.0.6]
	at org.springframework.web.servlet.DispatcherServlet.doService(DispatcherServlet.java:866) ~[spring-webmvc-7.0.6.jar:7.0.6]
	at org.springframework.web.servlet.FrameworkServlet.processRequest(FrameworkServlet.java:1000) ~[spring-webmvc-7.0.6.jar:7.0.6]
	at org.springframework.web.servlet.FrameworkServlet.doGet(FrameworkServlet.java:892) ~[spring-webmvc-7.0.6.jar:7.0.6]
	at jakarta.servlet.http.HttpServlet.service(HttpServlet.java:622) ~[tomcat-embed-core-11.0.20.jar:6.1]
	at org.springframework.web.servlet.FrameworkServlet.service(FrameworkServlet.java:874) ~[spring-webmvc-7.0.6.jar:7.0.6]
	at jakarta.servlet.http.HttpServlet.service(HttpServlet.java:710) ~[tomcat-embed-core-11.0.20.jar:6.1]
	at org.apache.catalina.core.ApplicationFilterChain.doFilter(ApplicationFilterChain.java:128) ~[tomcat-embed-core-11.0.20.jar:11.0.20]
	at org.apache.tomcat.websocket.server.WsFilter.doFilter(WsFilter.java:53) ~[tomcat-embed-websocket-11.0.20.jar:11.0.20]
	at org.apache.catalina.core.ApplicationFilterChain.doFilter(ApplicationFilterChain.java:107) ~[tomcat-embed-core-11.0.20.jar:11.0.20]
	at org.springframework.web.filter.OncePerRequestFilter.doFilter(OncePerRequestFilter.java:110) ~[spring-web-7.0.6.jar:7.0.6]
	at org.apache.catalina.core.ApplicationFilterChain.doFilter(ApplicationFilterChain.java:107) ~[tomcat-embed-core-11.0.20.jar:11.0.20]
	at org.springframework.web.filter.CompositeFilter$VirtualFilterChain.doFilter(CompositeFilter.java:108) ~[spring-web-7.0.6.jar:7.0.6]
	at org.springframework.security.web.FilterChainProxy.lambda$doFilterInternal$3(FilterChainProxy.java:235) ~[spring-security-web-7.0.4.jar:7.0.4]
	at org.springframework.security.web.FilterChainProxy$VirtualFilterChain.doFilter(FilterChainProxy.java:371) ~[spring-security-web-7.0.4.jar:7.0.4]
	at org.springframework.security.web.access.intercept.AuthorizationFilter.doFilter(AuthorizationFilter.java:101) ~[spring-security-web-7.0.4.jar:7.0.4]
	at org.springframework.security.web.FilterChainProxy$VirtualFilterChain.doFilter(FilterChainProxy.java:380) ~[spring-security-web-7.0.4.jar:7.0.4]
	at org.springframework.security.web.access.ExceptionTranslationFilter.doFilter(ExceptionTranslationFilter.java:126) ~[spring-security-web-7.0.4.jar:7.0.4]
	at org.springframework.security.web.access.ExceptionTranslationFilter.doFilter(ExceptionTranslationFilter.java:120) ~[spring-security-web-7.0.4.jar:7.0.4]
	at org.springframework.security.web.FilterChainProxy$VirtualFilterChain.doFilter(FilterChainProxy.java:380) ~[spring-security-web-7.0.4.jar:7.0.4]
	at org.springframework.security.web.session.SessionManagementFilter.doFilter(SessionManagementFilter.java:132) ~[spring-security-web-7.0.4.jar:7.0.4]
	at org.springframework.security.web.session.SessionManagementFilter.doFilter(SessionManagementFilter.java:86) ~[spring-security-web-7.0.4.jar:7.0.4]
	at org.springframework.security.web.FilterChainProxy$VirtualFilterChain.doFilter(FilterChainProxy.java:380) ~[spring-security-web-7.0.4.jar:7.0.4]
	at org.springframework.security.web.authentication.AnonymousAuthenticationFilter.doFilter(AnonymousAuthenticationFilter.java:100) ~[spring-security-web-7.0.4.jar:7.0.4]
	at org.springframework.security.web.FilterChainProxy$VirtualFilterChain.doFilter(FilterChainProxy.java:380) ~[spring-security-web-7.0.4.jar:7.0.4]
	at org.springframework.security.web.servletapi.SecurityContextHolderAwareRequestFilter.doFilter(SecurityContextHolderAwareRequestFilter.java:181) ~[spring-security-web-7.0.4.jar:7.0.4]
	at org.springframework.security.web.FilterChainProxy$VirtualFilterChain.doFilter(FilterChainProxy.java:380) ~[spring-security-web-7.0.4.jar:7.0.4]
	at org.springframework.security.web.savedrequest.RequestCacheAwareFilter.doFilter(RequestCacheAwareFilter.java:63) ~[spring-security-web-7.0.4.jar:7.0.4]
	at org.springframework.security.web.FilterChainProxy$VirtualFilterChain.doFilter(FilterChainProxy.java:380) ~[spring-security-web-7.0.4.jar:7.0.4]
	at com.shanalert.hospitalalert.security.TokenAuthenticationFilter.doFilterInternal(TokenAuthenticationFilter.java:51) ~[main/:na]
	at org.springframework.web.filter.OncePerRequestFilter.doFilter(OncePerRequestFilter.java:116) ~[spring-web-7.0.6.jar:7.0.6]
	at org.springframework.security.web.FilterChainProxy$VirtualFilterChain.doFilter(FilterChainProxy.java:380) ~[spring-security-web-7.0.4.jar:7.0.4]
	at org.springframework.security.web.header.HeaderWriterFilter.doHeadersAfter(HeaderWriterFilter.java:90) ~[spring-security-web-7.0.4.jar:7.0.4]
	at org.springframework.security.web.header.HeaderWriterFilter.doFilterInternal(HeaderWriterFilter.java:75) ~[spring-security-web-7.0.4.jar:7.0.4]
	at org.springframework.web.filter.OncePerRequestFilter.doFilter(OncePerRequestFilter.java:116) ~[spring-web-7.0.6.jar:7.0.6]
	at org.springframework.security.web.FilterChainProxy$VirtualFilterChain.doFilter(FilterChainProxy.java:380) ~[spring-security-web-7.0.4.jar:7.0.4]
	at org.springframework.security.web.context.SecurityContextHolderFilter.doFilter(SecurityContextHolderFilter.java:82) ~[spring-security-web-7.0.4.jar:7.0.4]
	at org.springframework.security.web.context.SecurityContextHolderFilter.doFilter(SecurityContextHolderFilter.java:69) ~[spring-security-web-7.0.4.jar:7.0.4]
	at org.springframework.security.web.FilterChainProxy$VirtualFilterChain.doFilter(FilterChainProxy.java:380) ~[spring-security-web-7.0.4.jar:7.0.4]
	at org.springframework.security.web.context.request.async.WebAsyncManagerIntegrationFilter.doFilterInternal(WebAsyncManagerIntegrationFilter.java:62) ~[spring-security-web-7.0.4.jar:7.0.4]
	at org.springframework.web.filter.OncePerRequestFilter.doFilter(OncePerRequestFilter.java:116) ~[spring-web-7.0.6.jar:7.0.6]
	at org.springframework.security.web.FilterChainProxy$VirtualFilterChain.doFilter(FilterChainProxy.java:380) ~[spring-security-web-7.0.4.jar:7.0.4]
	at org.springframework.security.web.session.DisableEncodeUrlFilter.doFilterInternal(DisableEncodeUrlFilter.java:42) ~[spring-security-web-7.0.4.jar:7.0.4]
	at org.springframework.web.filter.OncePerRequestFilter.doFilter(OncePerRequestFilter.java:116) ~[spring-web-7.0.6.jar:7.0.6]
	at org.springframework.security.web.FilterChainProxy$VirtualFilterChain.doFilter(FilterChainProxy.java:380) ~[spring-security-web-7.0.4.jar:7.0.4]
	at org.springframework.security.web.FilterChainProxy.doFilterInternal(FilterChainProxy.java:237) ~[spring-security-web-7.0.4.jar:7.0.4]
	at org.springframework.security.web.FilterChainProxy.doFilter(FilterChainProxy.java:195) ~[spring-security-web-7.0.4.jar:7.0.4]
	at org.springframework.web.filter.CompositeFilter$VirtualFilterChain.doFilter(CompositeFilter.java:113) ~[spring-web-7.0.6.jar:7.0.6]
	at org.springframework.web.filter.ServletRequestPathFilter.doFilter(ServletRequestPathFilter.java:52) ~[spring-web-7.0.6.jar:7.0.6]
	at org.springframework.web.filter.CompositeFilter$VirtualFilterChain.doFilter(CompositeFilter.java:113) ~[spring-web-7.0.6.jar:7.0.6]
	at org.springframework.web.filter.CompositeFilter.doFilter(CompositeFilter.java:74) ~[spring-web-7.0.6.jar:7.0.6]
	at org.springframework.security.config.annotation.web.configuration.WebSecurityConfiguration$CompositeFilterChainProxy.doFilter(WebSecurityConfiguration.java:317) ~[spring-security-config-7.0.4.jar:7.0.4]
	at org.springframework.web.filter.DelegatingFilterProxy.invokeDelegate(DelegatingFilterProxy.java:355) ~[spring-web-7.0.6.jar:7.0.6]
	at org.springframework.web.filter.DelegatingFilterProxy.doFilter(DelegatingFilterProxy.java:272) ~[spring-web-7.0.6.jar:7.0.6]
	at org.apache.catalina.core.ApplicationFilterChain.doFilter(ApplicationFilterChain.java:107) ~[tomcat-embed-core-11.0.20.jar:11.0.20]
	at org.springframework.web.filter.RequestContextFilter.doFilterInternal(RequestContextFilter.java:100) ~[spring-web-7.0.6.jar:7.0.6]
	at org.springframework.web.filter.OncePerRequestFilter.doFilter(OncePerRequestFilter.java:116) ~[spring-web-7.0.6.jar:7.0.6]
	at org.apache.catalina.core.ApplicationFilterChain.doFilter(ApplicationFilterChain.java:107) ~[tomcat-embed-core-11.0.20.jar:11.0.20]
	at org.springframework.web.filter.FormContentFilter.doFilterInternal(FormContentFilter.java:93) ~[spring-web-7.0.6.jar:7.0.6]
	at org.springframework.web.filter.OncePerRequestFilter.doFilter(OncePerRequestFilter.java:116) ~[spring-web-7.0.6.jar:7.0.6]
	at org.apache.catalina.core.ApplicationFilterChain.doFilter(ApplicationFilterChain.java:107) ~[tomcat-embed-core-11.0.20.jar:11.0.20]
	at org.springframework.session.web.http.SessionRepositoryFilter.doFilterInternal(SessionRepositoryFilter.java:142) ~[spring-session-core-4.0.2.jar:4.0.2]
	at org.springframework.session.web.http.OncePerRequestFilter.doFilter(OncePerRequestFilter.java:82) ~[spring-session-core-4.0.2.jar:4.0.2]
	at org.springframework.web.filter.DelegatingFilterProxy.invokeDelegate(DelegatingFilterProxy.java:355) ~[spring-web-7.0.6.jar:7.0.6]
	at org.springframework.web.filter.DelegatingFilterProxy.doFilter(DelegatingFilterProxy.java:272) ~[spring-web-7.0.6.jar:7.0.6]
	at org.apache.catalina.core.ApplicationFilterChain.doFilter(ApplicationFilterChain.java:107) ~[tomcat-embed-core-11.0.20.jar:11.0.20]
	at org.springframework.web.filter.CharacterEncodingFilter.doFilterInternal(CharacterEncodingFilter.java:199) ~[spring-web-7.0.6.jar:7.0.6]
	at org.springframework.web.filter.OncePerRequestFilter.doFilter(OncePerRequestFilter.java:116) ~[spring-web-7.0.6.jar:7.0.6]
	at org.apache.catalina.core.ApplicationFilterChain.doFilter(ApplicationFilterChain.java:107) ~[tomcat-embed-core-11.0.20.jar:11.0.20]
	at org.apache.catalina.core.StandardWrapperValve.invoke(StandardWrapperValve.java:165) ~[tomcat-embed-core-11.0.20.jar:11.0.20]
	at org.apache.catalina.core.StandardContextValve.invoke(StandardContextValve.java:77) ~[tomcat-embed-core-11.0.20.jar:11.0.20]
	at org.apache.catalina.authenticator.AuthenticatorBase.invoke(AuthenticatorBase.java:492) ~[tomcat-embed-core-11.0.20.jar:11.0.20]
	at org.apache.catalina.core.StandardHostValve.invoke(StandardHostValve.java:113) ~[tomcat-embed-core-11.0.20.jar:11.0.20]
	at org.apache.catalina.valves.ErrorReportValve.invoke(ErrorReportValve.java:83) ~[tomcat-embed-core-11.0.20.jar:11.0.20]
	at org.apache.catalina.core.StandardEngineValve.invoke(StandardEngineValve.java:72) ~[tomcat-embed-core-11.0.20.jar:11.0.20]
	at org.apache.catalina.connector.CoyoteAdapter.service(CoyoteAdapter.java:341) ~[tomcat-embed-core-11.0.20.jar:11.0.20]
	at org.apache.coyote.http11.Http11Processor.service(Http11Processor.java:397) ~[tomcat-embed-core-11.0.20.jar:11.0.20]
	at org.apache.coyote.AbstractProcessorLight.process(AbstractProcessorLight.java:63) ~[tomcat-embed-core-11.0.20.jar:11.0.20]
	at org.apache.coyote.AbstractProtocol$ConnectionHandler.process(AbstractProtocol.java:903) ~[tomcat-embed-core-11.0.20.jar:11.0.20]
	at org.apache.tomcat.util.net.NioEndpoint$SocketProcessor.doRun(NioEndpoint.java:1779) ~[tomcat-embed-core-11.0.20.jar:11.0.20]
	at org.apache.tomcat.util.net.SocketProcessorBase.run(SocketProcessorBase.java:52) ~[tomcat-embed-core-11.0.20.jar:11.0.20]
	at org.apache.tomcat.util.threads.ThreadPoolExecutor.runWorker(ThreadPoolExecutor.java:946) ~[tomcat-embed-core-11.0.20.jar:11.0.20]
	at org.apache.tomcat.util.threads.ThreadPoolExecutor$Worker.run(ThreadPoolExecutor.java:480) ~[tomcat-embed-core-11.0.20.jar:11.0.20]
	at org.apache.tomcat.util.threads.TaskThread$WrappingRunnable.run(TaskThread.java:57) ~[tomcat-embed-core-11.0.20.jar:11.0.20]
	at java.base/java.lang.Thread.run(Thread.java:1583) ~[na:na]

2026-04-22T12:11:17.338+03:00 DEBUG 60993 --- [hospitalalert] [http-nio-8080-exec-10] m.m.a.RequestResponseBodyMethodProcessor : Using 'application/json', given [*/*] and supported [application/json, application/*+json]
2026-04-22T12:11:17.344+03:00 DEBUG 60993 --- [hospitalalert] [http-nio-8080-exec-10] m.m.a.RequestResponseBodyMethodProcessor : Writing [GlobalExceptionHandler.ApiErrorResponse(timestamp=2026-04-22T12:11:17.338005, status=500, error=Inte (truncated)...]
2026-04-22T12:11:17.345+03:00  WARN 60993 --- [hospitalalert] [http-nio-8080-exec-10] .m.m.a.ExceptionHandlerExceptionResolver : Resolved [org.springframework.web.servlet.resource.NoResourceFoundException: No static resource api/v1/beds/hospital/3e1dffc0-a003-48ec-ab64-a739d07a463b/filter for request '/api/v1/beds/hospital/3e1dffc0-a003-48ec-ab64-a739d07a463b/filter'.]
2026-04-22T12:11:17.346+03:00 DEBUG 60993 --- [hospitalalert] [http-nio-8080-exec-10] o.j.s.OpenEntityManagerInViewInterceptor : Closing JPA EntityManager in OpenEntityManagerInViewInterceptor
2026-04-22T12:11:17.346+03:00 DEBUG 60993 --- [hospitalalert] [http-nio-8080-exec-10] o.s.web.servlet.DispatcherServlet        : Completed 500 INTERNAL_SERVER_ERROR
2026-04-22T12:11:32.730+03:00 DEBUG 60993 --- [hospitalalert] [http-nio-8080-exec-1] o.s.security.web.FilterChainProxy        : Securing GET /api/v1/beds/hospital/3e1dffc0-a003-48ec-ab64-a739d07a463b/type?type=ICU
2026-04-22T12:11:32.732+03:00  INFO 60993 --- [hospitalalert] [http-nio-8080-exec-1] c.s.h.security.TokenProvider             : validated token
2026-04-22T12:11:32.734+03:00 DEBUG 60993 --- [hospitalalert] [http-nio-8080-exec-1] o.s.orm.jpa.JpaTransactionManager        : Creating new transaction with name [org.springframework.data.jpa.repository.support.SimpleJpaRepository.findById]: PROPAGATION_REQUIRED,ISOLATION_DEFAULT,readOnly
2026-04-22T12:11:32.734+03:00 DEBUG 60993 --- [hospitalalert] [http-nio-8080-exec-1] o.s.orm.jpa.JpaTransactionManager        : Opened new EntityManager [SessionImpl(1362489076<open>)] for JPA transaction
2026-04-22T12:11:32.736+03:00 DEBUG 60993 --- [hospitalalert] [http-nio-8080-exec-1] o.s.orm.jpa.JpaTransactionManager        : Exposing JPA transaction as JDBC [org.springframework.orm.jpa.vendor.HibernateJpaDialect$HibernateConnectionHandle@cde4466]
2026-04-22T12:11:32.738+03:00 TRACE 60993 --- [hospitalalert] [http-nio-8080-exec-1] org.hibernate.orm.jdbc.bind              : binding parameter (1:UUID) <- [87284eda-0b7c-4495-928d-a13c41402745]
2026-04-22T12:11:32.742+03:00 DEBUG 60993 --- [hospitalalert] [http-nio-8080-exec-1] o.s.orm.jpa.JpaTransactionManager        : Initiating transaction commit
2026-04-22T12:11:32.743+03:00 DEBUG 60993 --- [hospitalalert] [http-nio-8080-exec-1] o.s.orm.jpa.JpaTransactionManager        : Committing JPA transaction on EntityManager [SessionImpl(1362489076<open>)]
2026-04-22T12:11:32.744+03:00 DEBUG 60993 --- [hospitalalert] [http-nio-8080-exec-1] o.s.orm.jpa.JpaTransactionManager        : Closing JPA EntityManager after transaction
2026-04-22T12:11:32.745+03:00  INFO 60993 --- [hospitalalert] [http-nio-8080-exec-1] c.s.h.security.CustomUserDetailsService  : Found User with id 87284eda-0b7c-4495-928d-a13c41402745
2026-04-22T12:11:32.745+03:00 DEBUG 60993 --- [hospitalalert] [http-nio-8080-exec-1] o.s.security.web.FilterChainProxy        : Secured GET /api/v1/beds/hospital/3e1dffc0-a003-48ec-ab64-a739d07a463b/type?type=ICU
2026-04-22T12:11:32.745+03:00 DEBUG 60993 --- [hospitalalert] [http-nio-8080-exec-1] o.s.web.servlet.DispatcherServlet        : GET "/api/v1/beds/hospital/3e1dffc0-a003-48ec-ab64-a739d07a463b/type?type=ICU", parameters={masked}
2026-04-22T12:11:32.746+03:00 DEBUG 60993 --- [hospitalalert] [http-nio-8080-exec-1] s.w.s.m.m.a.RequestMappingHandlerMapping : Mapped to com.shanalert.hospitalalert.controller.BedController#getBedsByType(UUID, BedType, Pageable)
2026-04-22T12:11:32.746+03:00 DEBUG 60993 --- [hospitalalert] [http-nio-8080-exec-1] o.j.s.OpenEntityManagerInViewInterceptor : Opening JPA EntityManager in OpenEntityManagerInViewInterceptor
2026-04-22T12:11:32.756+03:00 TRACE 60993 --- [hospitalalert] [http-nio-8080-exec-1] org.hibernate.orm.jdbc.bind              : binding parameter (1:VARCHAR) <- [3e1dffc0-a003-48ec-ab64-a739d07a463b]
2026-04-22T12:11:32.756+03:00 TRACE 60993 --- [hospitalalert] [http-nio-8080-exec-1] org.hibernate.orm.jdbc.bind              : binding parameter (2:ENUM) <- [ICU]
2026-04-22T12:11:32.757+03:00 TRACE 60993 --- [hospitalalert] [http-nio-8080-exec-1] org.hibernate.orm.jdbc.bind              : binding parameter (3:INTEGER) <- [20]
2026-04-22T12:11:32.763+03:00 DEBUG 60993 --- [hospitalalert] [http-nio-8080-exec-1] m.m.a.RequestResponseBodyMethodProcessor : Using 'application/json', given [*/*] and supported [application/json, application/*+json]
2026-04-22T12:11:32.763+03:00 DEBUG 60993 --- [hospitalalert] [http-nio-8080-exec-1] m.m.a.RequestResponseBodyMethodProcessor : Writing [Page 1 of 1 containing com.shanalert.hospitalalert.dto.BedResponse instances]
2026-04-22T12:11:32.764+03:00 DEBUG 60993 --- [hospitalalert] [http-nio-8080-exec-1] o.j.s.OpenEntityManagerInViewInterceptor : Closing JPA EntityManager in OpenEntityManagerInViewInterceptor
2026-04-22T12:11:32.764+03:00 DEBUG 60993 --- [hospitalalert] [http-nio-8080-exec-1] o.s.web.servlet.DispatcherServlet        : Completed 200 OK
2026-04-22T12:13:22.435+03:00  INFO 60993 --- [hospitalalert] [SpringApplicationShutdownHook] o.s.boot.tomcat.GracefulShutdown         : Commencing graceful shutdown. Waiting for active requests to complete
2026-04-22T12:13:22.444+03:00  INFO 60993 --- [hospitalalert] [tomcat-shutdown] o.s.boot.tomcat.GracefulShutdown         : Graceful shutdown complete
2026-04-22T12:13:22.512+03:00  INFO 60993 --- [hospitalalert] [SpringApplicationShutdownHook] j.LocalContainerEntityManagerFactoryBean : Closing JPA EntityManagerFactory for persistence unit 'default'
2026-04-22T12:13:22.513+03:00 DEBUG 60993 --- [hospitalalert] [SpringApplicationShutdownHook] o.s.o.jpa.hibernate.SpringBeanContainer  : Falling back to Hibernate's default producer after bean creation failure for interface org.hibernate.engine.jdbc.connections.spi.MultiTenantConnectionProvider: org.springframework.beans.factory.BeanCreationException: Error creating bean with name 'org.hibernate.engine.jdbc.connections.spi.MultiTenantConnectionProvider': Failed to instantiate [org.hibernate.engine.jdbc.connections.spi.MultiTenantConnectionProvider]: Specified class is an interface
2026-04-22T12:13:22.520+03:00  INFO 60993 --- [hospitalalert] [SpringApplicationShutdownHook] com.zaxxer.hikari.HikariDataSource       : HikariPool-1 - Shutdown initiated...
2026-04-22T12:13:22.535+03:00  INFO 60993 --- [hospitalalert] [SpringApplicationShutdownHook] com.zaxxer.hikari.HikariDataSource       : HikariPool-1 - Shutdown completed.
2026-04-22T12:13:36.893+03:00  INFO 61522 --- [hospitalalert] [restartedMain] c.s.h.HospitalalertApplication           : Starting HospitalalertApplication using Java 21.0.8 with PID 61522 (/Users/mac/shanHospus/hospitalalert/build/classes/java/main started by mac in /Users/mac/shanHospus/hospitalalert)
2026-04-22T12:13:36.898+03:00  INFO 61522 --- [hospitalalert] [restartedMain] c.s.h.HospitalalertApplication           : No active profile set, falling back to 1 default profile: "default"
2026-04-22T12:13:36.977+03:00  INFO 61522 --- [hospitalalert] [restartedMain] .e.DevToolsPropertyDefaultsPostProcessor : Devtools property defaults active! Set 'spring.devtools.add-properties' to 'false' to disable
2026-04-22T12:13:36.977+03:00  INFO 61522 --- [hospitalalert] [restartedMain] .e.DevToolsPropertyDefaultsPostProcessor : For additional web related logging consider setting the 'logging.level.web' property to 'DEBUG'
2026-04-22T12:13:38.376+03:00  INFO 61522 --- [hospitalalert] [restartedMain] .s.d.r.c.RepositoryConfigurationDelegate : Multiple Spring Data modules found, entering strict repository configuration mode
2026-04-22T12:13:38.378+03:00  INFO 61522 --- [hospitalalert] [restartedMain] .s.d.r.c.RepositoryConfigurationDelegate : Bootstrapping Spring Data JPA repositories in DEFAULT mode.
2026-04-22T12:13:38.712+03:00  INFO 61522 --- [hospitalalert] [restartedMain] .s.d.r.c.RepositoryConfigurationDelegate : Finished Spring Data repository scanning in 314 ms. Found 10 JPA repository interfaces.
2026-04-22T12:13:38.785+03:00  INFO 61522 --- [hospitalalert] [restartedMain] .s.d.r.c.RepositoryConfigurationDelegate : Multiple Spring Data modules found, entering strict repository configuration mode
2026-04-22T12:13:38.786+03:00  INFO 61522 --- [hospitalalert] [restartedMain] .s.d.r.c.RepositoryConfigurationDelegate : Bootstrapping Spring Data Redis repositories in DEFAULT mode.
2026-04-22T12:13:38.819+03:00  INFO 61522 --- [hospitalalert] [restartedMain] .RepositoryConfigurationExtensionSupport : Spring Data Redis - Could not safely identify store assignment for repository candidate interface com.shanalert.hospitalalert.repository.AddressRepository; If you want this repository to be a Redis repository, consider annotating your entities with one of these annotations: org.springframework.data.redis.core.RedisHash (preferred), or consider extending one of the following types with your repository: org.springframework.data.keyvalue.repository.KeyValueRepository
2026-04-22T12:13:38.820+03:00  INFO 61522 --- [hospitalalert] [restartedMain] .RepositoryConfigurationExtensionSupport : Spring Data Redis - Could not safely identify store assignment for repository candidate interface com.shanalert.hospitalalert.repository.AdminRepository; If you want this repository to be a Redis repository, consider annotating your entities with one of these annotations: org.springframework.data.redis.core.RedisHash (preferred), or consider extending one of the following types with your repository: org.springframework.data.keyvalue.repository.KeyValueRepository
2026-04-22T12:13:38.820+03:00  INFO 61522 --- [hospitalalert] [restartedMain] .RepositoryConfigurationExtensionSupport : Spring Data Redis - Could not safely identify store assignment for repository candidate interface com.shanalert.hospitalalert.repository.BedAdmissionRepository; If you want this repository to be a Redis repository, consider annotating your entities with one of these annotations: org.springframework.data.redis.core.RedisHash (preferred), or consider extending one of the following types with your repository: org.springframework.data.keyvalue.repository.KeyValueRepository
2026-04-22T12:13:38.820+03:00  INFO 61522 --- [hospitalalert] [restartedMain] .RepositoryConfigurationExtensionSupport : Spring Data Redis - Could not safely identify store assignment for repository candidate interface com.shanalert.hospitalalert.repository.BedRepository; If you want this repository to be a Redis repository, consider annotating your entities with one of these annotations: org.springframework.data.redis.core.RedisHash (preferred), or consider extending one of the following types with your repository: org.springframework.data.keyvalue.repository.KeyValueRepository
2026-04-22T12:13:38.821+03:00  INFO 61522 --- [hospitalalert] [restartedMain] .RepositoryConfigurationExtensionSupport : Spring Data Redis - Could not safely identify store assignment for repository candidate interface com.shanalert.hospitalalert.repository.DoctorRepository; If you want this repository to be a Redis repository, consider annotating your entities with one of these annotations: org.springframework.data.redis.core.RedisHash (preferred), or consider extending one of the following types with your repository: org.springframework.data.keyvalue.repository.KeyValueRepository
2026-04-22T12:13:38.822+03:00  INFO 61522 --- [hospitalalert] [restartedMain] .RepositoryConfigurationExtensionSupport : Spring Data Redis - Could not safely identify store assignment for repository candidate interface com.shanalert.hospitalalert.repository.EmergencyAlertRepository; If you want this repository to be a Redis repository, consider annotating your entities with one of these annotations: org.springframework.data.redis.core.RedisHash (preferred), or consider extending one of the following types with your repository: org.springframework.data.keyvalue.repository.KeyValueRepository
2026-04-22T12:13:38.822+03:00  INFO 61522 --- [hospitalalert] [restartedMain] .RepositoryConfigurationExtensionSupport : Spring Data Redis - Could not safely identify store assignment for repository candidate interface com.shanalert.hospitalalert.repository.HospitalAdminRepository; If you want this repository to be a Redis repository, consider annotating your entities with one of these annotations: org.springframework.data.redis.core.RedisHash (preferred), or consider extending one of the following types with your repository: org.springframework.data.keyvalue.repository.KeyValueRepository
2026-04-22T12:13:38.823+03:00  INFO 61522 --- [hospitalalert] [restartedMain] .RepositoryConfigurationExtensionSupport : Spring Data Redis - Could not safely identify store assignment for repository candidate interface com.shanalert.hospitalalert.repository.HospitalRepository; If you want this repository to be a Redis repository, consider annotating your entities with one of these annotations: org.springframework.data.redis.core.RedisHash (preferred), or consider extending one of the following types with your repository: org.springframework.data.keyvalue.repository.KeyValueRepository
2026-04-22T12:13:38.823+03:00  INFO 61522 --- [hospitalalert] [restartedMain] .RepositoryConfigurationExtensionSupport : Spring Data Redis - Could not safely identify store assignment for repository candidate interface com.shanalert.hospitalalert.repository.PatientRepository; If you want this repository to be a Redis repository, consider annotating your entities with one of these annotations: org.springframework.data.redis.core.RedisHash (preferred), or consider extending one of the following types with your repository: org.springframework.data.keyvalue.repository.KeyValueRepository
2026-04-22T12:13:38.824+03:00  INFO 61522 --- [hospitalalert] [restartedMain] .RepositoryConfigurationExtensionSupport : Spring Data Redis - Could not safely identify store assignment for repository candidate interface com.shanalert.hospitalalert.repository.UserRepository; If you want this repository to be a Redis repository, consider annotating your entities with one of these annotations: org.springframework.data.redis.core.RedisHash (preferred), or consider extending one of the following types with your repository: org.springframework.data.keyvalue.repository.KeyValueRepository
2026-04-22T12:13:38.824+03:00  INFO 61522 --- [hospitalalert] [restartedMain] .s.d.r.c.RepositoryConfigurationDelegate : Finished Spring Data repository scanning in 24 ms. Found 0 Redis repository interfaces.
2026-04-22T12:13:39.795+03:00  INFO 61522 --- [hospitalalert] [restartedMain] o.s.boot.tomcat.TomcatWebServer          : Tomcat initialized with port 8080 (http)
2026-04-22T12:13:39.817+03:00  INFO 61522 --- [hospitalalert] [restartedMain] o.apache.catalina.core.StandardService   : Starting service [Tomcat]
2026-04-22T12:13:39.818+03:00  INFO 61522 --- [hospitalalert] [restartedMain] o.apache.catalina.core.StandardEngine    : Starting Servlet engine: [Apache Tomcat/11.0.20]
2026-04-22T12:13:39.865+03:00  INFO 61522 --- [hospitalalert] [restartedMain] b.w.c.s.WebApplicationContextInitializer : Root WebApplicationContext: initialization completed in 2867 ms
2026-04-22T12:13:40.135+03:00 DEBUG 61522 --- [hospitalalert] [restartedMain] j.LocalContainerEntityManagerFactoryBean : Building JPA container EntityManagerFactory for persistence unit 'default'
2026-04-22T12:13:40.152+03:00  INFO 61522 --- [hospitalalert] [restartedMain] org.hibernate.orm.jpa                    : HHH008540: Processing PersistenceUnitInfo [name: default]
2026-04-22T12:13:40.241+03:00  INFO 61522 --- [hospitalalert] [restartedMain] org.hibernate.orm.core                   : HHH000001: Hibernate ORM core version 7.2.7.Final
2026-04-22T12:13:40.274+03:00 DEBUG 61522 --- [hospitalalert] [restartedMain] o.s.o.jpa.hibernate.SpringBeanContainer  : Falling back to Hibernate's default producer after bean creation failure for interface org.hibernate.engine.jdbc.connections.spi.MultiTenantConnectionProvider: org.springframework.beans.factory.BeanCreationException: Error creating bean with name 'org.hibernate.engine.jdbc.connections.spi.MultiTenantConnectionProvider': Failed to instantiate [org.hibernate.engine.jdbc.connections.spi.MultiTenantConnectionProvider]: Specified class is an interface
2026-04-22T12:13:41.170+03:00  INFO 61522 --- [hospitalalert] [restartedMain] o.s.o.j.p.SpringPersistenceUnitInfo      : No LoadTimeWeaver setup: ignoring JPA class transformer
2026-04-22T12:13:41.223+03:00  INFO 61522 --- [hospitalalert] [restartedMain] com.zaxxer.hikari.HikariDataSource       : HikariPool-1 - Starting...
2026-04-22T12:13:41.596+03:00  INFO 61522 --- [hospitalalert] [restartedMain] com.zaxxer.hikari.pool.HikariPool        : HikariPool-1 - Added connection com.mysql.cj.jdbc.ConnectionImpl@4559c336
2026-04-22T12:13:41.599+03:00  INFO 61522 --- [hospitalalert] [restartedMain] com.zaxxer.hikari.HikariDataSource       : HikariPool-1 - Start completed.
2026-04-22T12:13:41.677+03:00  WARN 61522 --- [hospitalalert] [restartedMain] org.hibernate.orm.deprecation            : HHH90000025: MySQLDialect does not need to be specified explicitly using 'hibernate.dialect' (remove the property setting and it will be selected by default)
2026-04-22T12:13:41.714+03:00  INFO 61522 --- [hospitalalert] [restartedMain] org.hibernate.orm.connections.pooling    : HHH10001005: Database info:
	Database JDBC URL [jdbc:mysql://localhost:3306/hospitalAlert?allowPublicKeyRetrieval=true&useSSL=false&serverTimezone=UTC]
	Database driver: MySQL Connector/J
	Database dialect: MySQLDialect
	Database version: 8.0.34
	Default catalog/schema: hospitalAlert/undefined
	Autocommit mode: undefined/unknown
	Isolation level: REPEATABLE_READ [default REPEATABLE_READ]
	JDBC fetch size: none
	Pool: DataSourceConnectionProvider
	Minimum pool size: undefined/unknown
	Maximum pool size: undefined/unknown
2026-04-22T12:13:42.548+03:00 DEBUG 61522 --- [hospitalalert] [restartedMain] o.s.o.jpa.hibernate.SpringBeanContainer  : Falling back to Hibernate's default producer after bean creation failure for interface org.hibernate.context.spi.CurrentTenantIdentifierResolver: org.springframework.beans.factory.NoSuchBeanDefinitionException: No qualifying bean of type 'org.hibernate.context.spi.CurrentTenantIdentifierResolver<?>' available
2026-04-22T12:13:42.549+03:00 DEBUG 61522 --- [hospitalalert] [restartedMain] o.s.o.jpa.hibernate.SpringBeanContainer  : Falling back to Hibernate's default producer after bean creation failure for interface org.hibernate.context.spi.TenantSchemaMapper: org.springframework.beans.factory.NoSuchBeanDefinitionException: No qualifying bean of type 'org.hibernate.context.spi.TenantSchemaMapper<?>' available
2026-04-22T12:13:44.032+03:00  INFO 61522 --- [hospitalalert] [restartedMain] org.hibernate.orm.core                   : HHH000489: No JTA platform available (set 'hibernate.transaction.jta.platform' to enable JTA platform integration)
2026-04-22T12:13:44.177+03:00  INFO 61522 --- [hospitalalert] [restartedMain] j.LocalContainerEntityManagerFactoryBean : Initialized JPA EntityManagerFactory for persistence unit 'default'
2026-04-22T12:13:44.268+03:00  INFO 61522 --- [hospitalalert] [restartedMain] o.s.d.j.r.query.QueryEnhancerFactories   : Hibernate is in classpath; If applicable, HQL parser will be used.
2026-04-22T12:13:46.286+03:00  WARN 61522 --- [hospitalalert] [restartedMain] JpaBaseConfiguration$JpaWebConfiguration : spring.jpa.open-in-view is enabled by default. Therefore, database queries may be performed during view rendering. Explicitly configure spring.jpa.open-in-view to disable this warning
2026-04-22T12:13:46.390+03:00  INFO 61522 --- [hospitalalert] [restartedMain] r$InitializeUserDetailsManagerConfigurer : Global AuthenticationManager configured with UserDetailsService bean with name customUserDetailsService
2026-04-22T12:13:46.665+03:00 DEBUG 61522 --- [hospitalalert] [restartedMain] o.s.s.web.DefaultSecurityFilterChain     : Will secure any request with filters: DisableEncodeUrlFilter, WebAsyncManagerIntegrationFilter, SecurityContextHolderFilter, HeaderWriterFilter, TokenAuthenticationFilter, RequestCacheAwareFilter, SecurityContextHolderAwareRequestFilter, AnonymousAuthenticationFilter, SessionManagementFilter, ExceptionTranslationFilter, AuthorizationFilter
2026-04-22T12:13:46.859+03:00 DEBUG 61522 --- [hospitalalert] [restartedMain] s.w.s.m.m.a.RequestMappingHandlerMapping : 57 mappings in 'requestMappingHandlerMapping'
2026-04-22T12:13:46.901+03:00 DEBUG 61522 --- [hospitalalert] [restartedMain] o.s.w.s.handler.SimpleUrlHandlerMapping  : Patterns [/webjars/**, /**] in 'resourceHandlerMapping'
2026-04-22T12:13:46.987+03:00 DEBUG 61522 --- [hospitalalert] [restartedMain] s.w.s.m.m.a.RequestMappingHandlerAdapter : ControllerAdvice beans: 0 @ModelAttribute, 0 @InitBinder, 2 RequestBodyAdvice, 1 ResponseBodyAdvice
2026-04-22T12:13:47.093+03:00 DEBUG 61522 --- [hospitalalert] [restartedMain] .m.m.a.ExceptionHandlerExceptionResolver : ControllerAdvice beans: 1 @ExceptionHandler, 1 ResponseBodyAdvice
2026-04-22T12:13:47.354+03:00  WARN 61522 --- [hospitalalert] [restartedMain] i.n.r.d.DnsServerAddressStreamProviders  : Can not find io.netty.resolver.dns.macos.MacOSDnsServerAddressStreamProvider in the classpath, fallback to system defaults. This may result in incorrect DNS resolutions on MacOS. Check whether you have a dependency on 'io.netty:netty-resolver-dns-native-macos'
2026-04-22T12:13:47.993+03:00  INFO 61522 --- [hospitalalert] [restartedMain] o.s.boot.tomcat.TomcatWebServer          : Tomcat started on port 8080 (http) with context path '/'
2026-04-22T12:13:48.003+03:00  INFO 61522 --- [hospitalalert] [restartedMain] o.s.s.config.TaskSchedulerRouter         : No TaskScheduler/ScheduledExecutorService bean found for scheduled processing
2026-04-22T12:13:48.014+03:00  INFO 61522 --- [hospitalalert] [restartedMain] c.s.h.HospitalalertApplication           : Started HospitalalertApplication in 11.752 seconds (process running for 12.968)
2026-04-22T12:13:48.021+03:00 DEBUG 61522 --- [hospitalalert] [restartedMain] o.s.orm.jpa.JpaTransactionManager        : Creating new transaction with name [com.shanalert.hospitalalert.component.DataInitializer.run]: PROPAGATION_REQUIRED,ISOLATION_DEFAULT
2026-04-22T12:13:48.022+03:00 DEBUG 61522 --- [hospitalalert] [restartedMain] o.s.orm.jpa.JpaTransactionManager        : Opened new EntityManager [SessionImpl(757289953<open>)] for JPA transaction
2026-04-22T12:13:48.027+03:00 DEBUG 61522 --- [hospitalalert] [restartedMain] o.s.orm.jpa.JpaTransactionManager        : Exposing JPA transaction as JDBC [org.springframework.orm.jpa.vendor.HibernateJpaDialect$HibernateConnectionHandle@7a1108ea]
2026-04-22T12:13:48.030+03:00 DEBUG 61522 --- [hospitalalert] [restartedMain] o.s.orm.jpa.JpaTransactionManager        : Found thread-bound EntityManager [SessionImpl(757289953<open>)] for JPA transaction
2026-04-22T12:13:48.030+03:00 DEBUG 61522 --- [hospitalalert] [restartedMain] o.s.orm.jpa.JpaTransactionManager        : Participating in existing transaction
2026-04-22T12:13:48.123+03:00 DEBUG 61522 --- [hospitalalert] [restartedMain] o.s.orm.jpa.JpaTransactionManager        : Initiating transaction commit
2026-04-22T12:13:48.124+03:00 DEBUG 61522 --- [hospitalalert] [restartedMain] o.s.orm.jpa.JpaTransactionManager        : Committing JPA transaction on EntityManager [SessionImpl(757289953<open>)]
2026-04-22T12:13:48.128+03:00 DEBUG 61522 --- [hospitalalert] [restartedMain] o.s.orm.jpa.JpaTransactionManager        : Closing JPA EntityManager after transaction
2026-04-22T12:14:26.695+03:00  INFO 61522 --- [hospitalalert] [http-nio-8080-exec-2] o.a.c.c.C.[Tomcat].[localhost].[/]       : Initializing Spring DispatcherServlet 'dispatcherServlet'
2026-04-22T12:14:26.698+03:00  INFO 61522 --- [hospitalalert] [http-nio-8080-exec-2] o.s.web.servlet.DispatcherServlet        : Initializing Servlet 'dispatcherServlet'
2026-04-22T12:14:26.699+03:00 DEBUG 61522 --- [hospitalalert] [http-nio-8080-exec-2] o.s.web.servlet.DispatcherServlet        : Detected StandardServletMultipartResolver
2026-04-22T12:14:26.699+03:00 DEBUG 61522 --- [hospitalalert] [http-nio-8080-exec-2] o.s.web.servlet.DispatcherServlet        : Detected AcceptHeaderLocaleResolver
2026-04-22T12:14:26.702+03:00 DEBUG 61522 --- [hospitalalert] [http-nio-8080-exec-2] o.s.web.servlet.DispatcherServlet        : Detected org.springframework.web.servlet.view.DefaultRequestToViewNameTranslator@5b87b130
2026-04-22T12:14:26.705+03:00 DEBUG 61522 --- [hospitalalert] [http-nio-8080-exec-2] o.s.web.servlet.DispatcherServlet        : Detected org.springframework.web.servlet.support.SessionFlashMapManager@20f24edd
2026-04-22T12:14:26.707+03:00 DEBUG 61522 --- [hospitalalert] [http-nio-8080-exec-2] o.s.web.servlet.DispatcherServlet        : enableLoggingRequestDetails='false': request parameters and headers will be masked to prevent unsafe logging of potentially sensitive data
2026-04-22T12:14:26.708+03:00  INFO 61522 --- [hospitalalert] [http-nio-8080-exec-2] o.s.web.servlet.DispatcherServlet        : Completed initialization in 9 ms
2026-04-22T12:14:26.731+03:00 DEBUG 61522 --- [hospitalalert] [http-nio-8080-exec-2] o.s.security.web.FilterChainProxy        : Securing GET /api/v1/hospitals/3e1dffc0-a003-48ec-ab64-a739d07a463b
2026-04-22T12:14:26.867+03:00  INFO 61522 --- [hospitalalert] [http-nio-8080-exec-2] c.s.h.security.TokenProvider             : validated token
2026-04-22T12:14:26.869+03:00 DEBUG 61522 --- [hospitalalert] [http-nio-8080-exec-2] o.s.orm.jpa.JpaTransactionManager        : Creating new transaction with name [org.springframework.data.jpa.repository.support.SimpleJpaRepository.findById]: PROPAGATION_REQUIRED,ISOLATION_DEFAULT,readOnly
2026-04-22T12:14:26.870+03:00 DEBUG 61522 --- [hospitalalert] [http-nio-8080-exec-2] o.s.orm.jpa.JpaTransactionManager        : Opened new EntityManager [SessionImpl(1853103004<open>)] for JPA transaction
2026-04-22T12:14:26.874+03:00 DEBUG 61522 --- [hospitalalert] [http-nio-8080-exec-2] o.s.orm.jpa.JpaTransactionManager        : Exposing JPA transaction as JDBC [org.springframework.orm.jpa.vendor.HibernateJpaDialect$HibernateConnectionHandle@5c4ece2]
2026-04-22T12:14:26.891+03:00 TRACE 61522 --- [hospitalalert] [http-nio-8080-exec-2] org.hibernate.orm.jdbc.bind              : binding parameter (1:UUID) <- [87284eda-0b7c-4495-928d-a13c41402745]
2026-04-22T12:14:26.919+03:00 DEBUG 61522 --- [hospitalalert] [http-nio-8080-exec-2] o.s.orm.jpa.JpaTransactionManager        : Initiating transaction commit
2026-04-22T12:14:26.920+03:00 DEBUG 61522 --- [hospitalalert] [http-nio-8080-exec-2] o.s.orm.jpa.JpaTransactionManager        : Committing JPA transaction on EntityManager [SessionImpl(1853103004<open>)]
2026-04-22T12:14:26.922+03:00 DEBUG 61522 --- [hospitalalert] [http-nio-8080-exec-2] o.s.orm.jpa.JpaTransactionManager        : Closing JPA EntityManager after transaction
2026-04-22T12:14:26.923+03:00  INFO 61522 --- [hospitalalert] [http-nio-8080-exec-2] c.s.h.security.CustomUserDetailsService  : Found User with id 87284eda-0b7c-4495-928d-a13c41402745
2026-04-22T12:14:26.935+03:00 DEBUG 61522 --- [hospitalalert] [http-nio-8080-exec-2] o.s.security.web.FilterChainProxy        : Secured GET /api/v1/hospitals/3e1dffc0-a003-48ec-ab64-a739d07a463b
2026-04-22T12:14:26.946+03:00 DEBUG 61522 --- [hospitalalert] [http-nio-8080-exec-2] o.s.web.servlet.DispatcherServlet        : GET "/api/v1/hospitals/3e1dffc0-a003-48ec-ab64-a739d07a463b", parameters={}
2026-04-22T12:14:26.989+03:00 DEBUG 61522 --- [hospitalalert] [http-nio-8080-exec-2] s.w.s.m.m.a.RequestMappingHandlerMapping : Mapped to com.shanalert.hospitalalert.controller.HospitalController#getById(UUID)
2026-04-22T12:14:26.994+03:00 DEBUG 61522 --- [hospitalalert] [http-nio-8080-exec-2] o.j.s.OpenEntityManagerInViewInterceptor : Opening JPA EntityManager in OpenEntityManagerInViewInterceptor
2026-04-22T12:14:27.056+03:00 DEBUG 61522 --- [hospitalalert] [http-nio-8080-exec-2] o.s.orm.jpa.JpaTransactionManager        : Found thread-bound EntityManager [SessionImpl(2023173829<open>)] for JPA transaction
2026-04-22T12:14:27.056+03:00 DEBUG 61522 --- [hospitalalert] [http-nio-8080-exec-2] o.s.orm.jpa.JpaTransactionManager        : Creating new transaction with name [com.shanalert.hospitalalert.service.HospitalService.findById]: PROPAGATION_REQUIRED,ISOLATION_DEFAULT,readOnly
2026-04-22T12:14:27.059+03:00 DEBUG 61522 --- [hospitalalert] [http-nio-8080-exec-2] o.s.orm.jpa.JpaTransactionManager        : Exposing JPA transaction as JDBC [org.springframework.orm.jpa.vendor.HibernateJpaDialect$HibernateConnectionHandle@2f4be48]
2026-04-22T12:14:27.060+03:00 DEBUG 61522 --- [hospitalalert] [http-nio-8080-exec-2] o.s.orm.jpa.JpaTransactionManager        : Found thread-bound EntityManager [SessionImpl(2023173829<open>)] for JPA transaction
2026-04-22T12:14:27.060+03:00 DEBUG 61522 --- [hospitalalert] [http-nio-8080-exec-2] o.s.orm.jpa.JpaTransactionManager        : Participating in existing transaction
2026-04-22T12:14:27.061+03:00 TRACE 61522 --- [hospitalalert] [http-nio-8080-exec-2] org.hibernate.orm.jdbc.bind              : binding parameter (1:UUID) <- [3e1dffc0-a003-48ec-ab64-a739d07a463b]
2026-04-22T12:14:27.087+03:00 DEBUG 61522 --- [hospitalalert] [http-nio-8080-exec-2] o.s.orm.jpa.JpaTransactionManager        : Initiating transaction commit
2026-04-22T12:14:27.087+03:00 DEBUG 61522 --- [hospitalalert] [http-nio-8080-exec-2] o.s.orm.jpa.JpaTransactionManager        : Committing JPA transaction on EntityManager [SessionImpl(2023173829<open>)]
2026-04-22T12:14:27.089+03:00 DEBUG 61522 --- [hospitalalert] [http-nio-8080-exec-2] o.s.orm.jpa.JpaTransactionManager        : Not closing pre-bound JPA EntityManager after transaction
2026-04-22T12:14:27.106+03:00 DEBUG 61522 --- [hospitalalert] [http-nio-8080-exec-2] m.m.a.RequestResponseBodyMethodProcessor : Using 'application/json', given [*/*] and supported [application/json, application/*+json]
2026-04-22T12:14:27.116+03:00 TRACE 61522 --- [hospitalalert] [http-nio-8080-exec-2] org.hibernate.orm.jdbc.bind              : binding parameter (1:UUID) <- [3e1dffc0-a003-48ec-ab64-a739d07a463b]
2026-04-22T12:14:27.628+03:00  WARN 61522 --- [hospitalalert] [http-nio-8080-exec-2] org.hibernate.orm.jdbc.error             : HHH000247: ErrorCode: 3854, SQLState: HY000
2026-04-22T12:14:27.629+03:00  WARN 61522 --- [hospitalalert] [http-nio-8080-exec-2] org.hibernate.orm.jdbc.error             : Cannot convert string '>\x1D\xFF\xC0\xA0\x03...' from binary to utf8mb4
2026-04-22T12:14:27.634+03:00 DEBUG 61522 --- [hospitalalert] [http-nio-8080-exec-2] m.m.a.RequestResponseBodyMethodProcessor : Writing [org.hibernate.exception.GenericJDBCException: JDBC exception executing SQL [Cannot convert string '> (truncated)...]
2026-04-22T12:14:27.762+03:00 TRACE 61522 --- [hospitalalert] [http-nio-8080-exec-2] org.hibernate.orm.jdbc.bind              : binding parameter (1:UUID) <- [3e1dffc0-a003-48ec-ab64-a739d07a463b]
2026-04-22T12:14:27.765+03:00  WARN 61522 --- [hospitalalert] [http-nio-8080-exec-2] org.hibernate.orm.jdbc.error             : HHH000247: ErrorCode: 3854, SQLState: HY000
2026-04-22T12:14:27.766+03:00  WARN 61522 --- [hospitalalert] [http-nio-8080-exec-2] org.hibernate.orm.jdbc.error             : Cannot convert string '>\x1D\xFF\xC0\xA0\x03...' from binary to utf8mb4
2026-04-22T12:14:27.770+03:00 DEBUG 61522 --- [hospitalalert] [http-nio-8080-exec-2] .m.m.a.ExceptionHandlerExceptionResolver : Using @ExceptionHandler com.shanalert.hospitalalert.advice.GlobalExceptionHandler#handleAllExceptions(Exception, HttpServletRequest)
2026-04-22T12:14:27.772+03:00 ERROR 61522 --- [hospitalalert] [http-nio-8080-exec-2] c.s.h.advice.GlobalExceptionHandler      : Unexpected error occurred: 

org.springframework.http.converter.HttpMessageNotWritableException: Could not write JSON: JDBC exception executing SQL [Cannot convert string '>\x1D\xFF\xC0\xA0\x03...' from binary to utf8mb4] [select b1_0.hospital_id,b1_0.bed_id,b1_0.bed_number,b1_0.bed_type,b1_0.created_at,b1_0.created_by,b1_0.hospital_id,b1_0.status,b1_0.updated_at,b1_0.updated_by from beds b1_0 where b1_0.hospital_id=?]
	at org.springframework.http.converter.AbstractJacksonHttpMessageConverter.writeInternal(AbstractJacksonHttpMessageConverter.java:444) ~[spring-web-7.0.6.jar:7.0.6]
	at org.springframework.http.converter.AbstractSmartHttpMessageConverter.write(AbstractSmartHttpMessageConverter.java:116) ~[spring-web-7.0.6.jar:7.0.6]
	at org.springframework.web.servlet.mvc.method.annotation.AbstractMessageConverterMethodProcessor.writeWithMessageConverters(AbstractMessageConverterMethodProcessor.java:342) ~[spring-webmvc-7.0.6.jar:7.0.6]
	at org.springframework.web.servlet.mvc.method.annotation.RequestResponseBodyMethodProcessor.handleReturnValue(RequestResponseBodyMethodProcessor.java:213) ~[spring-webmvc-7.0.6.jar:7.0.6]
	at org.springframework.web.method.support.HandlerMethodReturnValueHandlerComposite.handleReturnValue(HandlerMethodReturnValueHandlerComposite.java:78) ~[spring-web-7.0.6.jar:7.0.6]
	at org.springframework.web.servlet.mvc.method.annotation.ServletInvocableHandlerMethod.invokeAndHandle(ServletInvocableHandlerMethod.java:135) ~[spring-webmvc-7.0.6.jar:7.0.6]
	at org.springframework.web.servlet.mvc.method.annotation.RequestMappingHandlerAdapter.invokeHandlerMethod(RequestMappingHandlerAdapter.java:934) ~[spring-webmvc-7.0.6.jar:7.0.6]
	at org.springframework.web.servlet.mvc.method.annotation.RequestMappingHandlerAdapter.handleInternal(RequestMappingHandlerAdapter.java:853) ~[spring-webmvc-7.0.6.jar:7.0.6]
	at org.springframework.web.servlet.mvc.method.AbstractHandlerMethodAdapter.handle(AbstractHandlerMethodAdapter.java:86) ~[spring-webmvc-7.0.6.jar:7.0.6]
	at org.springframework.web.servlet.DispatcherServlet.doDispatch(DispatcherServlet.java:963) ~[spring-webmvc-7.0.6.jar:7.0.6]
	at org.springframework.web.servlet.DispatcherServlet.doService(DispatcherServlet.java:866) ~[spring-webmvc-7.0.6.jar:7.0.6]
	at org.springframework.web.servlet.FrameworkServlet.processRequest(FrameworkServlet.java:1000) ~[spring-webmvc-7.0.6.jar:7.0.6]
	at org.springframework.web.servlet.FrameworkServlet.doGet(FrameworkServlet.java:892) ~[spring-webmvc-7.0.6.jar:7.0.6]
	at jakarta.servlet.http.HttpServlet.service(HttpServlet.java:622) ~[tomcat-embed-core-11.0.20.jar:6.1]
	at org.springframework.web.servlet.FrameworkServlet.service(FrameworkServlet.java:874) ~[spring-webmvc-7.0.6.jar:7.0.6]
	at jakarta.servlet.http.HttpServlet.service(HttpServlet.java:710) ~[tomcat-embed-core-11.0.20.jar:6.1]
	at org.apache.catalina.core.ApplicationFilterChain.doFilter(ApplicationFilterChain.java:128) ~[tomcat-embed-core-11.0.20.jar:11.0.20]
	at org.apache.tomcat.websocket.server.WsFilter.doFilter(WsFilter.java:53) ~[tomcat-embed-websocket-11.0.20.jar:11.0.20]
	at org.apache.catalina.core.ApplicationFilterChain.doFilter(ApplicationFilterChain.java:107) ~[tomcat-embed-core-11.0.20.jar:11.0.20]
	at org.springframework.web.filter.OncePerRequestFilter.doFilter(OncePerRequestFilter.java:110) ~[spring-web-7.0.6.jar:7.0.6]
	at org.apache.catalina.core.ApplicationFilterChain.doFilter(ApplicationFilterChain.java:107) ~[tomcat-embed-core-11.0.20.jar:11.0.20]
	at org.springframework.web.filter.CompositeFilter$VirtualFilterChain.doFilter(CompositeFilter.java:108) ~[spring-web-7.0.6.jar:7.0.6]
	at org.springframework.security.web.FilterChainProxy.lambda$doFilterInternal$3(FilterChainProxy.java:235) ~[spring-security-web-7.0.4.jar:7.0.4]
	at org.springframework.security.web.FilterChainProxy$VirtualFilterChain.doFilter(FilterChainProxy.java:371) ~[spring-security-web-7.0.4.jar:7.0.4]
	at org.springframework.security.web.access.intercept.AuthorizationFilter.doFilter(AuthorizationFilter.java:101) ~[spring-security-web-7.0.4.jar:7.0.4]
	at org.springframework.security.web.FilterChainProxy$VirtualFilterChain.doFilter(FilterChainProxy.java:380) ~[spring-security-web-7.0.4.jar:7.0.4]
	at org.springframework.security.web.access.ExceptionTranslationFilter.doFilter(ExceptionTranslationFilter.java:126) ~[spring-security-web-7.0.4.jar:7.0.4]
	at org.springframework.security.web.access.ExceptionTranslationFilter.doFilter(ExceptionTranslationFilter.java:120) ~[spring-security-web-7.0.4.jar:7.0.4]
	at org.springframework.security.web.FilterChainProxy$VirtualFilterChain.doFilter(FilterChainProxy.java:380) ~[spring-security-web-7.0.4.jar:7.0.4]
	at org.springframework.security.web.session.SessionManagementFilter.doFilter(SessionManagementFilter.java:132) ~[spring-security-web-7.0.4.jar:7.0.4]
	at org.springframework.security.web.session.SessionManagementFilter.doFilter(SessionManagementFilter.java:86) ~[spring-security-web-7.0.4.jar:7.0.4]
	at org.springframework.security.web.FilterChainProxy$VirtualFilterChain.doFilter(FilterChainProxy.java:380) ~[spring-security-web-7.0.4.jar:7.0.4]
	at org.springframework.security.web.authentication.AnonymousAuthenticationFilter.doFilter(AnonymousAuthenticationFilter.java:100) ~[spring-security-web-7.0.4.jar:7.0.4]
	at org.springframework.security.web.FilterChainProxy$VirtualFilterChain.doFilter(FilterChainProxy.java:380) ~[spring-security-web-7.0.4.jar:7.0.4]
	at org.springframework.security.web.servletapi.SecurityContextHolderAwareRequestFilter.doFilter(SecurityContextHolderAwareRequestFilter.java:181) ~[spring-security-web-7.0.4.jar:7.0.4]
	at org.springframework.security.web.FilterChainProxy$VirtualFilterChain.doFilter(FilterChainProxy.java:380) ~[spring-security-web-7.0.4.jar:7.0.4]
	at org.springframework.security.web.savedrequest.RequestCacheAwareFilter.doFilter(RequestCacheAwareFilter.java:63) ~[spring-security-web-7.0.4.jar:7.0.4]
	at org.springframework.security.web.FilterChainProxy$VirtualFilterChain.doFilter(FilterChainProxy.java:380) ~[spring-security-web-7.0.4.jar:7.0.4]
	at com.shanalert.hospitalalert.security.TokenAuthenticationFilter.doFilterInternal(TokenAuthenticationFilter.java:51) ~[main/:na]
	at org.springframework.web.filter.OncePerRequestFilter.doFilter(OncePerRequestFilter.java:116) ~[spring-web-7.0.6.jar:7.0.6]
	at org.springframework.security.web.FilterChainProxy$VirtualFilterChain.doFilter(FilterChainProxy.java:380) ~[spring-security-web-7.0.4.jar:7.0.4]
	at org.springframework.security.web.header.HeaderWriterFilter.doHeadersAfter(HeaderWriterFilter.java:90) ~[spring-security-web-7.0.4.jar:7.0.4]
	at org.springframework.security.web.header.HeaderWriterFilter.doFilterInternal(HeaderWriterFilter.java:75) ~[spring-security-web-7.0.4.jar:7.0.4]
	at org.springframework.web.filter.OncePerRequestFilter.doFilter(OncePerRequestFilter.java:116) ~[spring-web-7.0.6.jar:7.0.6]
	at org.springframework.security.web.FilterChainProxy$VirtualFilterChain.doFilter(FilterChainProxy.java:380) ~[spring-security-web-7.0.4.jar:7.0.4]
	at org.springframework.security.web.context.SecurityContextHolderFilter.doFilter(SecurityContextHolderFilter.java:82) ~[spring-security-web-7.0.4.jar:7.0.4]
	at org.springframework.security.web.context.SecurityContextHolderFilter.doFilter(SecurityContextHolderFilter.java:69) ~[spring-security-web-7.0.4.jar:7.0.4]
	at org.springframework.security.web.FilterChainProxy$VirtualFilterChain.doFilter(FilterChainProxy.java:380) ~[spring-security-web-7.0.4.jar:7.0.4]
	at org.springframework.security.web.context.request.async.WebAsyncManagerIntegrationFilter.doFilterInternal(WebAsyncManagerIntegrationFilter.java:62) ~[spring-security-web-7.0.4.jar:7.0.4]
	at org.springframework.web.filter.OncePerRequestFilter.doFilter(OncePerRequestFilter.java:116) ~[spring-web-7.0.6.jar:7.0.6]
	at org.springframework.security.web.FilterChainProxy$VirtualFilterChain.doFilter(FilterChainProxy.java:380) ~[spring-security-web-7.0.4.jar:7.0.4]
	at org.springframework.security.web.session.DisableEncodeUrlFilter.doFilterInternal(DisableEncodeUrlFilter.java:42) ~[spring-security-web-7.0.4.jar:7.0.4]
	at org.springframework.web.filter.OncePerRequestFilter.doFilter(OncePerRequestFilter.java:116) ~[spring-web-7.0.6.jar:7.0.6]
	at org.springframework.security.web.FilterChainProxy$VirtualFilterChain.doFilter(FilterChainProxy.java:380) ~[spring-security-web-7.0.4.jar:7.0.4]
	at org.springframework.security.web.FilterChainProxy.doFilterInternal(FilterChainProxy.java:237) ~[spring-security-web-7.0.4.jar:7.0.4]
	at org.springframework.security.web.FilterChainProxy.doFilter(FilterChainProxy.java:195) ~[spring-security-web-7.0.4.jar:7.0.4]
	at org.springframework.web.filter.CompositeFilter$VirtualFilterChain.doFilter(CompositeFilter.java:113) ~[spring-web-7.0.6.jar:7.0.6]
	at org.springframework.web.filter.ServletRequestPathFilter.doFilter(ServletRequestPathFilter.java:52) ~[spring-web-7.0.6.jar:7.0.6]
	at org.springframework.web.filter.CompositeFilter$VirtualFilterChain.doFilter(CompositeFilter.java:113) ~[spring-web-7.0.6.jar:7.0.6]
	at org.springframework.web.filter.CompositeFilter.doFilter(CompositeFilter.java:74) ~[spring-web-7.0.6.jar:7.0.6]
	at org.springframework.security.config.annotation.web.configuration.WebSecurityConfiguration$CompositeFilterChainProxy.doFilter(WebSecurityConfiguration.java:317) ~[spring-security-config-7.0.4.jar:7.0.4]
	at org.springframework.web.filter.DelegatingFilterProxy.invokeDelegate(DelegatingFilterProxy.java:355) ~[spring-web-7.0.6.jar:7.0.6]
	at org.springframework.web.filter.DelegatingFilterProxy.doFilter(DelegatingFilterProxy.java:272) ~[spring-web-7.0.6.jar:7.0.6]
	at org.apache.catalina.core.ApplicationFilterChain.doFilter(ApplicationFilterChain.java:107) ~[tomcat-embed-core-11.0.20.jar:11.0.20]
	at org.springframework.web.filter.RequestContextFilter.doFilterInternal(RequestContextFilter.java:100) ~[spring-web-7.0.6.jar:7.0.6]
	at org.springframework.web.filter.OncePerRequestFilter.doFilter(OncePerRequestFilter.java:116) ~[spring-web-7.0.6.jar:7.0.6]
	at org.apache.catalina.core.ApplicationFilterChain.doFilter(ApplicationFilterChain.java:107) ~[tomcat-embed-core-11.0.20.jar:11.0.20]
	at org.springframework.web.filter.FormContentFilter.doFilterInternal(FormContentFilter.java:93) ~[spring-web-7.0.6.jar:7.0.6]
	at org.springframework.web.filter.OncePerRequestFilter.doFilter(OncePerRequestFilter.java:116) ~[spring-web-7.0.6.jar:7.0.6]
	at org.apache.catalina.core.ApplicationFilterChain.doFilter(ApplicationFilterChain.java:107) ~[tomcat-embed-core-11.0.20.jar:11.0.20]
	at org.springframework.session.web.http.SessionRepositoryFilter.doFilterInternal(SessionRepositoryFilter.java:142) ~[spring-session-core-4.0.2.jar:4.0.2]
	at org.springframework.session.web.http.OncePerRequestFilter.doFilter(OncePerRequestFilter.java:82) ~[spring-session-core-4.0.2.jar:4.0.2]
	at org.springframework.web.filter.DelegatingFilterProxy.invokeDelegate(DelegatingFilterProxy.java:355) ~[spring-web-7.0.6.jar:7.0.6]
	at org.springframework.web.filter.DelegatingFilterProxy.doFilter(DelegatingFilterProxy.java:272) ~[spring-web-7.0.6.jar:7.0.6]
	at org.apache.catalina.core.ApplicationFilterChain.doFilter(ApplicationFilterChain.java:107) ~[tomcat-embed-core-11.0.20.jar:11.0.20]
	at org.springframework.web.filter.CharacterEncodingFilter.doFilterInternal(CharacterEncodingFilter.java:199) ~[spring-web-7.0.6.jar:7.0.6]
	at org.springframework.web.filter.OncePerRequestFilter.doFilter(OncePerRequestFilter.java:116) ~[spring-web-7.0.6.jar:7.0.6]
	at org.apache.catalina.core.ApplicationFilterChain.doFilter(ApplicationFilterChain.java:107) ~[tomcat-embed-core-11.0.20.jar:11.0.20]
	at org.apache.catalina.core.StandardWrapperValve.invoke(StandardWrapperValve.java:165) ~[tomcat-embed-core-11.0.20.jar:11.0.20]
	at org.apache.catalina.core.StandardContextValve.invoke(StandardContextValve.java:77) ~[tomcat-embed-core-11.0.20.jar:11.0.20]
	at org.apache.catalina.authenticator.AuthenticatorBase.invoke(AuthenticatorBase.java:492) ~[tomcat-embed-core-11.0.20.jar:11.0.20]
	at org.apache.catalina.core.StandardHostValve.invoke(StandardHostValve.java:113) ~[tomcat-embed-core-11.0.20.jar:11.0.20]
	at org.apache.catalina.valves.ErrorReportValve.invoke(ErrorReportValve.java:83) ~[tomcat-embed-core-11.0.20.jar:11.0.20]
	at org.apache.catalina.core.StandardEngineValve.invoke(StandardEngineValve.java:72) ~[tomcat-embed-core-11.0.20.jar:11.0.20]
	at org.apache.catalina.connector.CoyoteAdapter.service(CoyoteAdapter.java:341) ~[tomcat-embed-core-11.0.20.jar:11.0.20]
	at org.apache.coyote.http11.Http11Processor.service(Http11Processor.java:397) ~[tomcat-embed-core-11.0.20.jar:11.0.20]
	at org.apache.coyote.AbstractProcessorLight.process(AbstractProcessorLight.java:63) ~[tomcat-embed-core-11.0.20.jar:11.0.20]
	at org.apache.coyote.AbstractProtocol$ConnectionHandler.process(AbstractProtocol.java:903) ~[tomcat-embed-core-11.0.20.jar:11.0.20]
	at org.apache.tomcat.util.net.NioEndpoint$SocketProcessor.doRun(NioEndpoint.java:1779) ~[tomcat-embed-core-11.0.20.jar:11.0.20]
	at org.apache.tomcat.util.net.SocketProcessorBase.run(SocketProcessorBase.java:52) ~[tomcat-embed-core-11.0.20.jar:11.0.20]
	at org.apache.tomcat.util.threads.ThreadPoolExecutor.runWorker(ThreadPoolExecutor.java:946) ~[tomcat-embed-core-11.0.20.jar:11.0.20]
	at org.apache.tomcat.util.threads.ThreadPoolExecutor$Worker.run(ThreadPoolExecutor.java:480) ~[tomcat-embed-core-11.0.20.jar:11.0.20]
	at org.apache.tomcat.util.threads.TaskThread$WrappingRunnable.run(TaskThread.java:57) ~[tomcat-embed-core-11.0.20.jar:11.0.20]
	at java.base/java.lang.Thread.run(Thread.java:1583) ~[na:na]
Caused by: tools.jackson.databind.DatabindException: JDBC exception executing SQL [Cannot convert string '>\x1D\xFF\xC0\xA0\x03...' from binary to utf8mb4] [select b1_0.hospital_id,b1_0.bed_id,b1_0.bed_number,b1_0.bed_type,b1_0.created_at,b1_0.created_by,b1_0.hospital_id,b1_0.status,b1_0.updated_at,b1_0.updated_by from beds b1_0 where b1_0.hospital_id=?]
 at [No location information] (through reference chain: com.shanalert.hospitalalert.dto.HospitalResponse["beds"])
	at tools.jackson.databind.DatabindException.wrapWithPath(DatabindException.java:132) ~[jackson-databind-3.1.0.jar:3.1.0]
	at tools.jackson.databind.ser.std.StdSerializer.wrapAndThrow(StdSerializer.java:275) ~[jackson-databind-3.1.0.jar:3.1.0]
	at tools.jackson.databind.ser.bean.BeanSerializerBase._serializePropertiesNoView(BeanSerializerBase.java:771) ~[jackson-databind-3.1.0.jar:3.1.0]
	at tools.jackson.databind.ser.BeanSerializer.serialize(BeanSerializer.java:171) ~[jackson-databind-3.1.0.jar:3.1.0]
	at tools.jackson.databind.ser.SerializationContextExt._serialize(SerializationContextExt.java:456) ~[jackson-databind-3.1.0.jar:3.1.0]
	at tools.jackson.databind.ser.SerializationContextExt.serializeValue(SerializationContextExt.java:308) ~[jackson-databind-3.1.0.jar:3.1.0]
	at tools.jackson.databind.ObjectWriter$Prefetch.serialize(ObjectWriter.java:1373) ~[jackson-databind-3.1.0.jar:3.1.0]
	at tools.jackson.databind.ObjectWriter.writeValue(ObjectWriter.java:981) ~[jackson-databind-3.1.0.jar:3.1.0]
	at org.springframework.http.converter.AbstractJacksonHttpMessageConverter.writeInternal(AbstractJacksonHttpMessageConverter.java:436) ~[spring-web-7.0.6.jar:7.0.6]
	... 93 common frames omitted
Caused by: org.hibernate.exception.GenericJDBCException: JDBC exception executing SQL [Cannot convert string '>\x1D\xFF\xC0\xA0\x03...' from binary to utf8mb4] [select b1_0.hospital_id,b1_0.bed_id,b1_0.bed_number,b1_0.bed_type,b1_0.created_at,b1_0.created_by,b1_0.hospital_id,b1_0.status,b1_0.updated_at,b1_0.updated_by from beds b1_0 where b1_0.hospital_id=?]
	at org.hibernate.exception.internal.StandardSQLExceptionConverter.convert(StandardSQLExceptionConverter.java:39) ~[hibernate-core-7.2.7.Final.jar:7.2.7.Final]
	at org.hibernate.engine.jdbc.spi.SqlExceptionHelper.convert(SqlExceptionHelper.java:115) ~[hibernate-core-7.2.7.Final.jar:7.2.7.Final]
	at org.hibernate.sql.results.jdbc.internal.DeferredResultSetAccess.executeQuery(DeferredResultSetAccess.java:290) ~[hibernate-core-7.2.7.Final.jar:7.2.7.Final]
	at org.hibernate.sql.results.jdbc.internal.DeferredResultSetAccess.getResultSet(DeferredResultSetAccess.java:190) ~[hibernate-core-7.2.7.Final.jar:7.2.7.Final]
	at org.hibernate.sql.results.jdbc.internal.JdbcValuesResultSetImpl.<init>(JdbcValuesResultSetImpl.java:71) ~[hibernate-core-7.2.7.Final.jar:7.2.7.Final]
	at org.hibernate.sql.exec.internal.JdbcSelectExecutorStandardImpl.resolveJdbcValues(JdbcSelectExecutorStandardImpl.java:393) ~[hibernate-core-7.2.7.Final.jar:7.2.7.Final]
	at org.hibernate.sql.exec.internal.JdbcSelectExecutorStandardImpl.resolveJdbcValuesSource(JdbcSelectExecutorStandardImpl.java:354) ~[hibernate-core-7.2.7.Final.jar:7.2.7.Final]
	at org.hibernate.sql.exec.internal.JdbcSelectExecutorStandardImpl.doExecuteQuery(JdbcSelectExecutorStandardImpl.java:135) ~[hibernate-core-7.2.7.Final.jar:7.2.7.Final]
	at org.hibernate.sql.exec.internal.JdbcSelectExecutorStandardImpl.executeQuery(JdbcSelectExecutorStandardImpl.java:100) ~[hibernate-core-7.2.7.Final.jar:7.2.7.Final]
	at org.hibernate.sql.exec.spi.JdbcSelectExecutor.executeQuery(JdbcSelectExecutor.java:63) ~[hibernate-core-7.2.7.Final.jar:7.2.7.Final]
	at org.hibernate.sql.exec.spi.JdbcSelectExecutor.list(JdbcSelectExecutor.java:137) ~[hibernate-core-7.2.7.Final.jar:7.2.7.Final]
	at org.hibernate.sql.exec.spi.JdbcSelectExecutor.list(JdbcSelectExecutor.java:114) ~[hibernate-core-7.2.7.Final.jar:7.2.7.Final]
	at org.hibernate.sql.exec.spi.JdbcSelectExecutor.list(JdbcSelectExecutor.java:104) ~[hibernate-core-7.2.7.Final.jar:7.2.7.Final]
	at org.hibernate.loader.ast.internal.CollectionLoaderSingleKey.load(CollectionLoaderSingleKey.java:111) ~[hibernate-core-7.2.7.Final.jar:7.2.7.Final]
	at org.hibernate.persister.collection.AbstractCollectionPersister.initialize(AbstractCollectionPersister.java:761) ~[hibernate-core-7.2.7.Final.jar:7.2.7.Final]
	at org.hibernate.event.internal.DefaultInitializeCollectionEventListener.onInitializeCollection(DefaultInitializeCollectionEventListener.java:53) ~[hibernate-core-7.2.7.Final.jar:7.2.7.Final]
	at org.hibernate.event.service.internal.EventListenerGroupImpl.fireEventOnEachListener(EventListenerGroupImpl.java:138) ~[hibernate-core-7.2.7.Final.jar:7.2.7.Final]
	at org.hibernate.internal.SessionImpl.initializeCollection(SessionImpl.java:1776) ~[hibernate-core-7.2.7.Final.jar:7.2.7.Final]
	at org.hibernate.collection.spi.AbstractPersistentCollection.lambda$initialize$0(AbstractPersistentCollection.java:622) ~[hibernate-core-7.2.7.Final.jar:7.2.7.Final]
	at org.hibernate.collection.spi.AbstractPersistentCollection.withTemporarySessionIfNeeded(AbstractPersistentCollection.java:277) ~[hibernate-core-7.2.7.Final.jar:7.2.7.Final]
	at org.hibernate.collection.spi.AbstractPersistentCollection.initialize(AbstractPersistentCollection.java:620) ~[hibernate-core-7.2.7.Final.jar:7.2.7.Final]
	at org.hibernate.collection.spi.AbstractPersistentCollection.read(AbstractPersistentCollection.java:142) ~[hibernate-core-7.2.7.Final.jar:7.2.7.Final]
	at org.hibernate.collection.spi.AbstractPersistentCollection.lambda$readSize$0(AbstractPersistentCollection.java:175) ~[hibernate-core-7.2.7.Final.jar:7.2.7.Final]
	at org.hibernate.collection.spi.AbstractPersistentCollection.withTemporarySessionIfNeeded(AbstractPersistentCollection.java:277) ~[hibernate-core-7.2.7.Final.jar:7.2.7.Final]
	at org.hibernate.collection.spi.AbstractPersistentCollection.readSize(AbstractPersistentCollection.java:159) ~[hibernate-core-7.2.7.Final.jar:7.2.7.Final]
	at org.hibernate.collection.spi.PersistentBag.size(PersistentBag.java:403) ~[hibernate-core-7.2.7.Final.jar:7.2.7.Final]
	at tools.jackson.databind.ser.jdk.CollectionSerializer.serialize(CollectionSerializer.java:109) ~[jackson-databind-3.1.0.jar:3.1.0]
	at tools.jackson.databind.ser.jdk.CollectionSerializer.serialize(CollectionSerializer.java:25) ~[jackson-databind-3.1.0.jar:3.1.0]
	at tools.jackson.databind.ser.BeanPropertyWriter.serializeAsProperty(BeanPropertyWriter.java:648) ~[jackson-databind-3.1.0.jar:3.1.0]
	at tools.jackson.databind.ser.bean.BeanSerializerBase._serializePropertiesNoView(BeanSerializerBase.java:745) ~[jackson-databind-3.1.0.jar:3.1.0]
	... 99 common frames omitted
Caused by: java.sql.SQLException: Cannot convert string '>\x1D\xFF\xC0\xA0\x03...' from binary to utf8mb4
	at com.mysql.cj.jdbc.exceptions.SQLError.createSQLException(SQLError.java:121) ~[mysql-connector-j-9.6.0.jar:9.6.0]
	at com.mysql.cj.jdbc.exceptions.SQLExceptionsMapping.translateException(SQLExceptionsMapping.java:114) ~[mysql-connector-j-9.6.0.jar:9.6.0]
	at com.mysql.cj.jdbc.ClientPreparedStatement.executeInternal(ClientPreparedStatement.java:988) ~[mysql-connector-j-9.6.0.jar:9.6.0]
	at com.mysql.cj.jdbc.ClientPreparedStatement.executeQuery(ClientPreparedStatement.java:1056) ~[mysql-connector-j-9.6.0.jar:9.6.0]
	at com.zaxxer.hikari.pool.ProxyPreparedStatement.executeQuery(ProxyPreparedStatement.java:52) ~[HikariCP-7.0.2.jar:na]
	at com.zaxxer.hikari.pool.HikariProxyPreparedStatement.executeQuery(HikariProxyPreparedStatement.java) ~[HikariCP-7.0.2.jar:na]
	at org.hibernate.sql.results.jdbc.internal.DeferredResultSetAccess.executeQuery(DeferredResultSetAccess.java:271) ~[hibernate-core-7.2.7.Final.jar:7.2.7.Final]
	... 126 common frames omitted

2026-04-22T12:14:27.790+03:00 DEBUG 61522 --- [hospitalalert] [http-nio-8080-exec-2] m.m.a.RequestResponseBodyMethodProcessor : Using 'application/json', given [*/*] and supported [application/json, application/*+json]
2026-04-22T12:14:27.794+03:00 DEBUG 61522 --- [hospitalalert] [http-nio-8080-exec-2] m.m.a.RequestResponseBodyMethodProcessor : Writing [GlobalExceptionHandler.ApiErrorResponse(timestamp=2026-04-22T12:14:27.789466, status=500, error=Inte (truncated)...]
2026-04-22T12:14:27.806+03:00  WARN 61522 --- [hospitalalert] [http-nio-8080-exec-2] .m.m.a.ExceptionHandlerExceptionResolver : Resolved [org.springframework.http.converter.HttpMessageNotWritableException: Could not write JSON: JDBC exception executing SQL [Cannot convert string '>\x1D\xFF\xC0\xA0\x03...' from binary to utf8mb4] [select b1_0.hospital_id,b1_0.bed_id,b1_0.bed_number,b1_0.bed_type,b1_0.created_at,b1_0.created_by,b1_0.hospital_id,b1_0.status,b1_0.updated_at,b1_0.updated_by from beds b1_0 where b1_0.hospital_id=?]]
2026-04-22T12:14:27.807+03:00 DEBUG 61522 --- [hospitalalert] [http-nio-8080-exec-2] o.j.s.OpenEntityManagerInViewInterceptor : Closing JPA EntityManager in OpenEntityManagerInViewInterceptor
2026-04-22T12:14:27.810+03:00 DEBUG 61522 --- [hospitalalert] [http-nio-8080-exec-2] o.s.web.servlet.DispatcherServlet        : Completed 500 INTERNAL_SERVER_ERROR
2026-04-22T12:30:10.105+03:00  WARN 61522 --- [hospitalalert] [HikariPool-1:housekeeper] com.zaxxer.hikari.pool.HikariPool        : HikariPool-1 - Retrograde clock change detected (housekeeper delta=28s291ms), soft-evicting connections from pool.
2026-04-22T12:58:25.091+03:00  INFO 61522 --- [hospitalalert] [SpringApplicationShutdownHook] o.s.boot.tomcat.GracefulShutdown         : Commencing graceful shutdown. Waiting for active requests to complete
2026-04-22T12:58:25.103+03:00  INFO 61522 --- [hospitalalert] [tomcat-shutdown] o.s.boot.tomcat.GracefulShutdown         : Graceful shutdown complete
2026-04-22T12:58:25.149+03:00  INFO 61522 --- [hospitalalert] [SpringApplicationShutdownHook] j.LocalContainerEntityManagerFactoryBean : Closing JPA EntityManagerFactory for persistence unit 'default'
2026-04-22T12:58:25.153+03:00 DEBUG 61522 --- [hospitalalert] [SpringApplicationShutdownHook] o.s.o.jpa.hibernate.SpringBeanContainer  : Falling back to Hibernate's default producer after bean creation failure for interface org.hibernate.engine.jdbc.connections.spi.MultiTenantConnectionProvider: org.springframework.beans.factory.BeanCreationException: Error creating bean with name 'org.hibernate.engine.jdbc.connections.spi.MultiTenantConnectionProvider': Failed to instantiate [org.hibernate.engine.jdbc.connections.spi.MultiTenantConnectionProvider]: Specified class is an interface
2026-04-22T12:58:25.164+03:00  INFO 61522 --- [hospitalalert] [SpringApplicationShutdownHook] com.zaxxer.hikari.HikariDataSource       : HikariPool-1 - Shutdown initiated...
2026-04-22T12:58:25.170+03:00  INFO 61522 --- [hospitalalert] [SpringApplicationShutdownHook] com.zaxxer.hikari.HikariDataSource       : HikariPool-1 - Shutdown completed.
